Fecha;Turno;Tipo_mineral;Tonelaje_tph; Ley_Cu_pct;Recuperacion_pct;Potencia_kW 
01-01-2025 00:00;Noche;A;1445,0;0,815;86,92;3453,7
01-01-2025 01:00;Noche;A;1459,4;0,760;85,84;3428,9
01-01-2025 02:00;Noche;A;1450,3;0,760;86,40;3482,4
01-01-2025 03:00;Noche;A;1422,1;0,869;84,51;3470,5
01-01-2025 04:00;Noche;A;1424,2;0,811;81,76;3444,0
01-01-2025 05:00;Noche;A;1407,9;0,900;85,11;3439,5
01-01-2025 06:00;Noche;A;1444,1;0,957;86,47;3521,9
01-01-2025 07:00;Noche;A;1528,6;0,922;86,19;3546,3
01-01-2025 08:00;Dia;A;1637,6;0,910;88,06;3602,7
01-01-2025 09:00;Dia;A;1625,4;0,877;89,11;3592,9
01-01-2025 10:00;Dia;A;1663,1;0,882;86,31;3646,7
01-01-2025 11:00;Dia;A;1684,7;0,912;87,16;3658,4
01-01-2025 12:00;Dia;A;1688,1;0,894;89,04;3651,0
01-01-2025 13:00;Dia;A;1643,9;0,922;88,30;3577,8
01-01-2025 14:00;Dia;A;1644,5;0,940;88,29;3614,9
01-01-2025 15:00;Dia;A;1670,7;0,905;89,51;3619,8
01-01-2025 16:00;Dia;A;1599,9;0,880;88,71;3599,2
01-01-2025 17:00;Dia;A;1579,3;0,844;86,92;3624,0
01-01-2025 18:00;Dia;A;1499,0;0,838;86,48;3563,5
01-01-2025 19:00;Dia;A;1460,8;0,767;84,96;3525,2
01-01-2025 20:00;Noche;A;1286,4;0,796;86,63;3394,5
01-01-2025 21:00;Noche;A;1311,7;0,804;84,75;3391,5
01-01-2025 22:00;Noche;A;1287,1;0,763;86,54;3398,8
01-01-2025 23:00;Noche;A;1334,3;0,880;85,21;3396,8
02-01-2025 00:00;Noche;A;1367,2;0,809;85,54;3421,7
02-01-2025 01:00;Noche;A;1380,7;0,780;83,99;3412,0
02-01-2025 02:00;Noche;A;1297,0;0,823;84,79;3390,5
02-01-2025 03:00;Noche;A;1322,0;0,753;86,32;3407,0
02-01-2025 04:00;Noche;A;1366,1;0,772;87,77;3508,0
02-01-2025 05:00;Noche;A;1410,8;0,754;88,75;3490,8
02-01-2025 06:00;Noche;A;1379,5;0,773;87,92;3440,0
02-01-2025 07:00;Noche;A;1403,8;0,823;87,98;3500,9
02-01-2025 08:00;Dia;A;1523,6;0,872;88,37;3531,8
02-01-2025 09:00;Dia;A;1532,0;0,933;89,35;3594,4
02-01-2025 10:00;Dia;A;1617,0;0,950;88,68;3640,4
02-01-2025 11:00;Dia;A;1601,3;0,973;90,22;3710,1
02-01-2025 12:00;Dia;A;1619,8;0,953;90,07;3574,9
02-01-2025 13:00;Dia;A;1668,8;0,889;90,67;3642,2
02-01-2025 14:00;Dia;A;1639,9;0,918;90,65;3621,6
02-01-2025 15:00;Dia;A;1633,4;0,856;90,37;3630,9
02-01-2025 16:00;Dia;A;1633,1;0,810;88,43;3643,5
02-01-2025 17:00;Dia;A;1626,1;0,877;88,13;3574,0
02-01-2025 18:00;Dia;A;1562,5;0,876;86,58;3540,6
02-01-2025 19:00;Dia;A;1565,8;0,848;86,59;3577,5
02-01-2025 20:00;Noche;A;1499,6;0,856;86,80;3558,2
02-01-2025 21:00;Noche;A;1416,5;0,867;88,08;3427,0
02-01-2025 22:00;Noche;A;1455,0;0,775;85,66;3433,2
02-01-2025 23:00;Noche;A;1453,9;0,785;89,93;3530,7
03-01-2025 00:00;Noche;A;1423,4;0,747;88,14;3500,2
03-01-2025 01:00;Noche;A;1514,7;0,791;89,09;3566,2
03-01-2025 02:00;Noche;A;1535,3;0,786;89,21;3504,4
03-01-2025 03:00;Noche;A;1472,9;0,880;85,62;3496,1
03-01-2025 04:00;Noche;A;1484,5;0,900;86,00;3521,4
03-01-2025 05:00;Noche;A;1519,0;0,857;88,04;3553,6
03-01-2025 06:00;Noche;A;1517,0;0,872;84,91;3534,9
03-01-2025 07:00;Noche;A;1555,7;0,829;86,64;3564,5
03-01-2025 08:00;Dia;A;1675,8;0,862;86,11;3680,9
03-01-2025 09:00;Dia;A;1708,2;0,902;86,54;3650,3
03-01-2025 10:00;Dia;A;1765,0;0,909;87,60;3683,3
03-01-2025 11:00;Dia;A;1717,8;0,810;85,18;3659,5
03-01-2025 12:00;Dia;A;1717,1;0,822;86,69;3656,5
03-01-2025 13:00;Dia;A;1685,3;0,860;86,79;3660,0
03-01-2025 14:00;Dia;A;1682,1;0,866;86,63;3644,3
03-01-2025 15:00;Dia;A;1619,9;0,901;88,45;3595,4
03-01-2025 16:00;Dia;A;1593,9;0,805;92,15;3645,1
03-01-2025 17:00;Dia;A;1585,9;0,828;91,00;3596,1
03-01-2025 18:00;Dia;A;1621,5;0,785;90,14;3591,7
03-01-2025 19:00;Dia;A;1655,0;0,796;89,04;3668,0
03-01-2025 20:00;Noche;A;1453,9;0,812;87,52;3473,9
03-01-2025 21:00;Noche;A;1413,8;0,834;87,78;3466,7
05-01-2025 14:00;Dia;A;1619,7;0,853;88,34;3533,8
05-01-2025 15:00;Dia;A;1627,3;0,794;84,04;3610,4
05-01-2025 16:00;Dia;A;1563,0;0,709;84,49;3593,9
05-01-2025 17:00;Dia;A;1550,1;0,799;85,25;3559,8
05-01-2025 18:00;Dia;A;1540,9;0,763;85,57;3563,8
05-01-2025 19:00;Dia;A;1484,7;0,751;84,67;3519,7
05-01-2025 20:00;Noche;A;1375,2;0,752;85,03;3391,2
05-01-2025 21:00;Noche;A;1334,6;0,726;84,72;3326,1
05-01-2025 22:00;Noche;A;1380,9;0,710;88,51;3466,8
05-01-2025 23:00;Noche;A;1383,9;0,761;88,66;3426,1
06-01-2025 00:00;Noche;A;1454,1;0,895;88,23;3503,1
06-01-2025 01:00;Noche;A;1428,9;0,899;87,67;3461,9
06-01-2025 02:00;Noche;A;1434,0;0,909;87,29;3471,1
06-01-2025 03:00;Noche;A;1363,5;0,819;86,88;3484,9
06-01-2025 04:00;Noche;A;1351,8;0,842;86,42;3387,4
06-01-2025 05:00;Noche;A;1410,5;0,808;86,39;3469,6
06-01-2025 06:00;Noche;A;1354,2;0,880;88,26;3398,7
06-01-2025 07:00;Noche;A;1440,5;0,878;88,96;3497,3
06-01-2025 08:00;Dia;A;1518,9;0,889;88,93;3563,5
06-01-2025 09:00;Dia;A;1594,3;0,888;90,18;3619,0
06-01-2025 10:00;Dia;A;1583,7;0,863;89,54;3596,3
06-01-2025 11:00;Dia;A;1643,0;0,803;87,50;3579,0
06-01-2025 12:00;Dia;A;1657,9;0,859;85,95;3647,3
06-01-2025 13:00;Dia;A;1595,8;0,796;85,74;3631,8
06-01-2025 14:00;Dia;A;1662,2;0,763;86,41;3675,4
06-01-2025 15:00;Dia;A;1715,4;0,779;87,56;3747,9
06-01-2025 16:00;Dia;A;1687,2;0,764;88,87;3670,9
06-01-2025 17:00;Dia;A;1652,6;0,794;87,84;3589,5
06-01-2025 18:00;Dia;A;1627,1;0,840;87,04;3588,6
06-01-2025 19:00;Dia;A;1570,2;0,829;88,13;3572,0
06-01-2025 20:00;Noche;A;1492,0;0,820;89,17;3555,4
06-01-2025 21:00;Noche;A;1453,0;0,809;87,67;3449,7
06-01-2025 22:00;Noche;A;1444,2;0,842;87,92;3516,5
06-01-2025 23:00;Noche;A;1407,5;0,743;88,53;3483,1
07-01-2025 00:00;Noche;A;1389,3;0,794;88,22;3416,5
07-01-2025 01:00;Noche;A;1351,5;0,769;87,23;3446,8
07-01-2025 02:00;Noche;A;1433,7;0,748;84,17;3449,5
07-01-2025 03:00;Noche;A;1440,7;0,799;86,82;3483,1
07-01-2025 04:00;Noche;A;1497,8;0,815;87,55;3510,3
07-01-2025 05:00;Noche;A;1505,4;0,872;87,72;3537,3
07-01-2025 06:00;Noche;A;1485,6;0,931;87,33;3477,1
07-01-2025 07:00;Noche;A;1489,8;0,811;85,32;3544,3
07-01-2025 08:00;Dia;A;1605,7;0,847;86,23;3521,8
07-01-2025 09:00;Dia;A;1627,9;0,957;87,40;3601,7
07-01-2025 10:00;Dia;A;1628,7;0,966;89,28;3598,4
07-01-2025 11:00;Dia;A;1631,4;0,993;87,83;3678,5
07-01-2025 12:00;Dia;A;1585,9;0,942;89,80;3613,2
07-01-2025 13:00;Dia;A;1572,5;0,839;88,88;3567,5
07-01-2025 14:00;Dia;A;1661,7;0,790;89,80;3606,9
07-01-2025 15:00;Dia;A;1626,3;0,839;88,21;3616,6
07-01-2025 16:00;Dia;A;1578,9;0,872;88,81;3560,7
07-01-2025 17:00;Dia;A;1597,0;0,808;89,66;3672,4
07-01-2025 18:00;Dia;A;1651,2;0,791;88,88;3522,2
07-01-2025 19:00;Dia;A;1568,2;0,803;86,56;3570,1
07-01-2025 20:00;Noche;A;1435,6;0,718;85,89;3394,0
07-01-2025 21:00;Noche;A;1407,0;0,736;86,85;3499,8
07-01-2025 22:00;Noche;A;1337,9;0,836;85,55;3388,7
07-01-2025 23:00;Noche;A;1391,9;0,922;84,80;3507,8
08-01-2025 00:00;Noche;A;1402,9;0,870;85,70;3436,7
08-01-2025 01:00;Noche;A;1418,4;0,935;85,36;3505,4
03-01-2025 22:00;Noche;A;1444,1;0,792;89,03;3480,2
03-01-2025 23:00;Noche;A;1357,0;0,807;88,36;3407,4
04-01-2025 00:00;Noche;A;1358,2;0,760;88,40;3414,8
04-01-2025 01:00;Noche;A;1377,7;0,729;87,04;3444,4
04-01-2025 02:00;Noche;A;1453,3;0,807;90,10;3437,0
04-01-2025 03:00;Noche;A;1490,8;0,828;86,80;3500,3
04-01-2025 04:00;Noche;A;1481,1;0,776;87,16;3520,1
04-01-2025 05:00;Noche;A;1476,7;0,786;87,63;3521,2
04-01-2025 06:00;Noche;A;1482,8;0,835;87,92;3528,9
04-01-2025 07:00;Noche;A;1565,3;0,933;86,93;3657,7
04-01-2025 08:00;Dia;A;1667,9;0,964;86,25;3663,0
04-01-2025 09:00;Dia;A;1661,5;0,970;86,93;3632,1
04-01-2025 10:00;Dia;A;1684,4;0,854;87,10;3649,0
04-01-2025 11:00;Dia;A;1680,7;0,862;86,17;3652,2
04-01-2025 12:00;Dia;A;1672,4;0,887;85,95;3663,4
04-01-2025 13:00;Dia;A;1624,4;0,891;87,74;3606,6
04-01-2025 14:00;Dia;A;1630,7;0,888;89,35;3674,9
04-01-2025 15:00;Dia;A;1612,6;0,851;88,17;3566,8
04-01-2025 16:00;Dia;A;1661,8;0,914;87,76;3657,9
04-01-2025 17:00;Dia;A;1672,4;0,931;87,30;3656,9
04-01-2025 18:00;Dia;A;1647,6;0,866;90,33;3578,7
04-01-2025 19:00;Dia;A;1654,6;0,788;89,45;3644,2
04-01-2025 20:00;Noche;A;1494,9;0,881;88,99;3539,7
04-01-2025 21:00;Noche;A;1522,1;0,816;89,19;3510,7
04-01-2025 22:00;Noche;A;1497,9;0,862;91,28;3600,9
04-01-2025 23:00;Noche;A;1505,6;0,923;91,32;3546,3
05-01-2025 00:00;Noche;A;1364,9;0,834;87,40;3421,0
05-01-2025 01:00;Noche;A;1383,9;0,846;87,04;3427,8
05-01-2025 02:00;Noche;A;1316,8;0,830;86,30;3377,7
05-01-2025 03:00;Noche;A;1256,5;0,867;86,22;3378,5
05-01-2025 04:00;Noche;A;1288,8;0,884;85,14;3393,9
05-01-2025 05:00;Noche;A;1292,7;0,971;86,01;3345,9
05-01-2025 06:00;Noche;A;1344,7;0,962;85,41;3394,7
05-01-2025 07:00;Noche;A;1474,6;0,933;86,70;3490,1
05-01-2025 08:00;Dia;A;1565,4;0,968;87,53;3560,6
05-01-2025 09:00;Dia;A;1553,6;0,923;85,98;3557,3
05-01-2025 10:00;Dia;A;1579,8;0,892;84,75;3564,4
05-01-2025 11:00;Dia;A;1610,5;0,988;86,24;3631,9
05-01-2025 12:00;Dia;A;1603,2;0,898;87,66;3638,9
05-01-2025 13:00;Dia;A;1593,2;0,857;88,43;3600,7
08-01-2025 02:00;Noche;A;1399,5;0,871;86,50;3463,2
08-01-2025 03:00;Noche;A;1440,6;0,830;84,95;3525,9
08-01-2025 04:00;Noche;A;1434,6;0,748;82,94;3482,8
08-01-2025 05:00;Noche;A;1451,4;0,852;83,98;3388,1
08-01-2025 06:00;Noche;A;1427,8;0,853;87,05;3457,6
08-01-2025 07:00;Noche;A;1409,1;0,978;86,89;3419,1
08-01-2025 08:00;Dia;A;1624,8;0,957;87,34;3646,0
08-01-2025 09:00;Dia;A;1620,6;0,938;87,97;3631,2
08-01-2025 10:00;Dia;A;1651,3;0,835;86,44;3633,0
08-01-2025 11:00;Dia;A;1659,5;0,924;88,95;3655,4
08-01-2025 12:00;Dia;A;1646,3;0,883;88,84;3638,4
08-01-2025 13:00;Dia;A;1630,4;0,864;89,16;3600,4
08-01-2025 14:00;Dia;A;1662,1;0,755;86,21;3710,0
08-01-2025 15:00;Dia;A;1642,2;0,830;85,18;3633,8
08-01-2025 16:00;Dia;A;1628,7;0,868;83,27;3607,4
08-01-2025 17:00;Dia;A;1621,1;0,812;84,67;3553,9
08-01-2025 18:00;Dia;A;1659,7;0,809;85,57;3605,1
08-01-2025 19:00;Dia;A;1664,2;0,819;87,24;3627,7
08-01-2025 20:00;Noche;A;1532,4;0,849;89,20;3536,3
08-01-2025 21:00;Noche;A;1482,5;0,828;87,97;3492,0
08-01-2025 22:00;Noche;A;1410,4;0,892;87,59;3460,8
08-01-2025 23:00;Noche;A;1455,4;0,843;87,63;3448,8
09-01-2025 00:00;Noche;A;1492,1;0,805;88,83;3512,0
09-01-2025 01:00;Noche;A;1476,4;0,796;86,80;3446,5
09-01-2025 02:00;Noche;A;1497,3;0,704;86,79;3485,5
09-01-2025 03:00;Noche;A;1527,8;0,738;86,30;3510,6
09-01-2025 04:00;Noche;A;1557,5;0,844;86,45;3589,6
09-01-2025 05:00;Noche;A;1588,3;0,874;87,79;3597,9
09-01-2025 06:00;Noche;A;1557,8;0,846;86,46;3567,1
09-01-2025 07:00;Noche;A;1621,3;0,885;85,75;3565,4
09-01-2025 08:00;Dia;A;1675,6;0,800;86,86;3629,0
09-01-2025 09:00;Dia;A;1716,2;0,831;87,28;3700,0
09-01-2025 10:00;Dia;A;1731,5;0,881;87,51;3727,7
09-01-2025 11:00;Dia;A;1757,8;0,913;87,89;3646,8
09-01-2025 12:00;Dia;A;1817,5;0,859;88,48;3721,9
09-01-2025 13:00;Dia;A;1842,4;0,899;88,26;3756,4
09-01-2025 14:00;Dia;A;1746,6;0,958;89,71;3704,5
09-01-2025 15:00;Dia;A;1647,3;0,881;89,45;3628,7
09-01-2025 16:00;Dia;A;1673,2;0,885;90,84;3666,1
09-01-2025 17:00;Dia;A;1611,0;0,779;90,71;3548,3
09-01-2025 18:00;Dia;A;1602,1;0,698;89,95;3648,2
09-01-2025 19:00;Dia;A;1627,7;0,768;88,84;3563,4
09-01-2025 20:00;Noche;A;1420,0;0,780;88,29;3475,2
09-01-2025 21:00;Noche;A;1333,2;0,795;87,06;3435,7
09-01-2025 22:00;Noche;A;1367,4;0,770;90,18;3478,2
09-01-2025 23:00;Noche;A;1385,1;0,774;88,40;3478,6
10-01-2025 00:00;Noche;A;1388,5;0,831;88,53;3479,1
10-01-2025 01:00;Noche;A;1406,2;0,909;89,82;3505,2
10-01-2025 02:00;Noche;A;1385,8;0,871;86,81;3442,1
10-01-2025 03:00;Noche;A;1347,7;0,792;85,33;3453,0
10-01-2025 04:00;Noche;A;1380,6;0,886;85,86;3504,5
10-01-2025 05:00;Noche;A;1376,1;0,913;85,34;3421,5
10-01-2025 06:00;Noche;A;1348,8;0,934;84,81;3384,5
10-01-2025 07:00;Noche;A;1422,2;0,926;85,36;3447,4
10-01-2025 08:00;Dia;A;1576,0;1,019;88,54;3633,1
10-01-2025 09:00;Dia;A;1622,4;0,967;89,21;3658,2
10-01-2025 10:00;Dia;A;1598,8;0,956;88,99;3587,7
10-01-2025 11:00;Dia;A;1594,0;0,839;88,26;3607,7
10-01-2025 12:00;Dia;A;1573,8;0,827;86,19;3603,9
10-01-2025 13:00;Dia;A;1560,1;0,810;87,75;3615,8
10-01-2025 14:00;Dia;A;1591,2;0,823;88,50;3527,8
10-01-2025 15:00;Dia;A;1568,8;0,842;87,19;3559,9
10-01-2025 16:00;Dia;A;1595,0;0,796;87,56;3584,5
10-01-2025 17:00;Dia;A;1609,2;0,878;87,90;3611,4
10-01-2025 18:00;Dia;A;1686,4;0,794;86,83;3647,4
10-01-2025 19:00;Dia;A;1597,2;0,773;85,71;3574,7
10-01-2025 20:00;Noche;A;1503,4;0,791;85,51;3535,7
10-01-2025 21:00;Noche;A;1480,7;0,736;84,58;3415,5
10-01-2025 22:00;Noche;A;1466,5;0,790;86,15;3609,4
10-01-2025 23:00;Noche;A;1396,7;0,826;86,93;3483,3
11-01-2025 00:00;Noche;A;1388,2;0,810;87,06;3479,9
11-01-2025 01:00;Noche;A;1435,6;0,906;87,14;3453,8
11-01-2025 02:00;Noche;A;1440,6;0,883;86,43;3497,0
11-01-2025 03:00;Noche;A;1455,8;0,886;89,07;3567,8
11-01-2025 04:00;Noche;A;1456,4;0,837;85,71;3562,1
11-01-2025 05:00;Noche;A;1522,3;0,783;87,27;3542,7
11-01-2025 06:00;Noche;A;1526,6;0,804;87,60;3500,7
11-01-2025 07:00;Noche;A;1441,9;0,832;87,64;3502,2
11-01-2025 08:00;Dia;A;1564,3;0,842;87,02;3564,2
11-01-2025 09:00;Dia;A;1513,9;0,901;87,41;3577,3
11-01-2025 10:00;Dia;A;1422,4;0,789;85,68;3445,2
11-01-2025 11:00;Dia;A;1467,1;0,780;84,82;3513,6
11-01-2025 12:00;Dia;A;1576,6;0,738;85,67;3598,6
11-01-2025 13:00;Dia;A;1601,4;0,852;85,18;3586,8
11-01-2025 14:00;Dia;A;1564,7;0,823;87,30;3618,1
11-01-2025 15:00;Dia;A;1542,3;0,802;88,87;3522,8
11-01-2025 16:00;Dia;A;1607,7;0,759;84,11;3557,2
11-01-2025 17:00;Dia;A;1611,1;0,820;83,98;3588,6
11-01-2025 18:00;Dia;A;1604,8;0,791;85,62;3624,4
11-01-2025 19:00;Dia;A;1592,2;0,802;86,61;3572,4
11-01-2025 20:00;Noche;A;1464,1;0,705;86,37;3479,6
11-01-2025 21:00;Noche;A;1488,7;0,797;87,41;3543,1
11-01-2025 22:00;Noche;A;1496,4;0,816;88,12;3524,9
11-01-2025 23:00;Noche;A;1489,1;0,837;88,68;3491,8
12-01-2025 00:00;Noche;A;1363,0;0,885;90,28;3436,9
12-01-2025 01:00;Noche;A;1389,5;0,853;88,73;3440,5
12-01-2025 02:00;Noche;A;1363,2;0,842;88,86;3456,3
12-01-2025 03:00;Noche;A;1422,8;0,883;86,26;3478,2
12-01-2025 04:00;Noche;A;1373,0;0,898;86,47;3415,6
12-01-2025 05:00;Noche;A;1388,0;0,881;85,20;3439,4
12-01-2025 06:00;Noche;A;1409,0;0,888;87,76;3457,8
12-01-2025 07:00;Noche;A;1373,0;0,870;90,38;3467,2
12-01-2025 08:00;Dia;A;1596,5;0,915;90,23;3608,8
12-01-2025 09:00;Dia;A;1664,6;0,949;88,06;3609,6
12-01-2025 10:00;Dia;A;1635,1;0,923;87,99;3616,6
12-01-2025 11:00;Dia;A;1663,7;0,990;88,68;3653,7
12-01-2025 12:00;Dia;A;1666,5;0,867;88,37;3684,5
12-01-2025 13:00;Dia;A;1539,6;0,852;89,64;3574,6
12-01-2025 14:00;Dia;A;1560,6;0,925;90,73;3648,3
12-01-2025 15:00;Dia;A;1558,7;0,863;86,40;3575,1
12-01-2025 16:00;Dia;A;1558,5;0,770;88,25;3598,3
12-01-2025 17:00;Dia;A;1504,9;0,849;87,87;3523,6
12-01-2025 18:00;Dia;A;1494,3;0,850;87,21;3489,6
12-01-2025 19:00;Dia;A;1486,6;0,770;88,61;3521,8
12-01-2025 20:00;Noche;A;1415,7;0,814;87,89;3488,6
12-01-2025 21:00;Noche;A;1415,1;0,759;85,55;3480,0
12-01-2025 22:00;Noche;A;1400,3;0,716;84,06;3462,4
12-01-2025 23:00;Noche;A;1454,7;0,751;85,12;3477,5
13-01-2025 00:00;Noche;A;1480,2;0,760;86,64;3475,2
13-01-2025 01:00;Noche;A;1457,0;0,743;88,12;3480,1
13-01-2025 02:00;Noche;A;1383,8;0,773;87,23;3463,9
13-01-2025 03:00;Noche;A;1475,7;0,768;86,22;3540,5
13-01-2025 04:00;Noche;A;1524,1;0,818;88,49;3418,5
13-01-2025 05:00;Noche;A;1563,1;0,847;87,41;3587,5
13-01-2025 06:00;Noche;A;1586,2;0,902;89,37;3622,2
13-01-2025 07:00;Noche;A;1583,7;0,880;88,83;3630,3
13-01-2025 08:00;Dia;A;1708,8;0,829;88,38;3678,7
13-01-2025 09:00;Dia;A;1694,4;0,800;87,65;3682,7
13-01-2025 10:00;Dia;A;1685,8;0,830;88,21;3638,7
13-01-2025 11:00;Dia;A;1689,2;0,923;88,15;3655,0
13-01-2025 12:00;Dia;A;1750,7;0,938;87,67;3715,9
13-01-2025 13:00;Dia;A;1753,4;0,873;87,61;3658,1
13-01-2025 14:00;Dia;A;1725,5;0,902;87,37;3650,7
13-01-2025 15:00;Dia;A;1678,1;0,817;87,74;3655,4
13-01-2025 16:00;Dia;A;1635,4;0,863;88,23;3570,7
13-01-2025 17:00;Dia;A;1692,6;0,820;87,63;3653,7
13-01-2025 18:00;Dia;A;1685,2;0,844;87,56;3590,1
13-01-2025 19:00;Dia;A;1657,6;0,849;87,34;3631,0
13-01-2025 20:00;Noche;A;1497,0;0,810;89,22;3522,4
13-01-2025 21:00;Noche;A;1433,0;0,817;88,34;3458,8
13-01-2025 22:00;Noche;A;1428,6;0,761;86,67;3440,3
13-01-2025 23:00;Noche;A;1465,9;0,779;86,26;3478,1
14-01-2025 00:00;Noche;A;1443,0;0,846;87,45;3400,4
14-01-2025 01:00;Noche;A;1435,9;1,025;87,94;3463,5
14-01-2025 02:00;Noche;A;1435,0;0,977;87,35;3482,9
14-01-2025 03:00;Noche;A;1452,9;0,929;86,78;3535,5
14-01-2025 04:00;Noche;A;1399,6;0,858;86,73;3442,5
14-01-2025 05:00;Noche;A;1421,3;0,918;87,65;3471,0
14-01-2025 06:00;Noche;A;1415,9;0,832;87,62;3527,8
14-01-2025 07:00;Noche;A;1488,5;0,826;85,46;3588,5
14-01-2025 08:00;Dia;A;1596,0;0,875;85,26;3577,0
14-01-2025 09:00;Dia;A;1644,6;0,831;82,92;3665,6
14-01-2025 10:00;Dia;A;1721,1;0,928;86,45;3719,6
14-01-2025 11:00;Dia;A;1700,2;0,957;88,83;3683,8
14-01-2025 12:00;Dia;A;1670,2;0,892;90,05;3610,9
14-01-2025 13:00;Dia;A;1677,7;0,852;89,41;3616,8
14-01-2025 14:00;Dia;A;1671,1;0,789;90,00;3666,8
14-01-2025 15:00;Dia;A;1619,9;0,744;88,87;3697,1
14-01-2025 16:00;Dia;A;1637,8;0,797;88,52;3614,2
14-01-2025 17:00;Dia;A;1711,7;0,829;86,56;3720,8
14-01-2025 18:00;Dia;A;1667,4;0,831;86,10;3702,1
14-01-2025 19:00;Dia;A;1633,0;0,825;85,93;3563,1
14-01-2025 20:00;Noche;A;1449,2;0,785;87,31;3469,9
14-01-2025 21:00;Noche;A;1457,2;0,805;89,21;3549,3
14-01-2025 22:00;Noche;A;1397,2;0,736;87,23;3490,7
14-01-2025 23:00;Noche;A;1359,1;0,769;87,43;3450,4
15-01-2025 00:00;Noche;A;1433,1;0,858;87,79;3475,4
15-01-2025 01:00;Noche;A;1400,1;0,907;86,69;3478,7
15-01-2025 02:00;Noche;A;1462,9;0,859;84,43;3472,8
15-01-2025 03:00;Noche;A;1533,2;0,845;84,35;3632,6
15-01-2025 04:00;Noche;A;1537,6;0,920;84,02;3504,6
15-01-2025 05:00;Noche;A;1558,0;0,985;85,35;3496,6
15-01-2025 06:00;Noche;A;1636,3;0,876;85,55;3619,2
15-01-2025 07:00;Noche;A;1608,4;0,867;86,05;3652,2
15-01-2025 08:00;Dia;A;1693,3;0,892;86,64;3637,2
15-01-2025 09:00;Dia;A;1636,6;0,950;88,12;3620,5
15-01-2025 10:00;Dia;A;1652,8;0,886;86,81;3597,2
15-01-2025 11:00;Dia;A;1724,3;0,913;88,66;3677,2
15-01-2025 12:00;Dia;A;1753,8;0,881;86,46;3661,6
15-01-2025 13:00;Dia;A;1692,8;0,978;87,95;3623,9
15-01-2025 14:00;Dia;A;1646,7;0,937;88,64;3576,9
15-01-2025 15:00;Dia;A;1622,1;0,882;87,44;3593,5
15-01-2025 16:00;Dia;A;1632,4;0,838;85,64;3685,3
15-01-2025 17:00;Dia;A;1614,4;0,871;87,54;3601,2
15-01-2025 18:00;Dia;A;1614,3;0,869;86,89;3607,2
15-01-2025 19:00;Dia;A;1614,1;0,785;87,66;3678,5
15-01-2025 20:00;Noche;A;1466,4;0,798;88,39;3479,3
15-01-2025 21:00;Noche;A;1455,0;0,735;87,39;3456,5
15-01-2025 22:00;Noche;A;1456,6;0,730;86,90;3511,0
15-01-2025 23:00;Noche;A;1446,7;0,707;87,61;3439,7
16-01-2025 00:00;Noche;A;1466,2;0,698;87,27;3508,5
16-01-2025 01:00;Noche;A;1541,5;0,728;85,68;3585,6
16-01-2025 02:00;Noche;A;1548,4;0,737;86,00;3509,4
16-01-2025 03:00;Noche;A;1535,6;0,817;87,11;3523,9
16-01-2025 04:00;Noche;A;1457,7;0,879;87,49;3559,1
16-01-2025 05:00;Noche;A;1491,2;0,871;87,50;3482,0
16-01-2025 06:00;Noche;A;1422,5;0,830;86,96;3456,3
16-01-2025 07:00;Noche;A;1397,1;;87,31;3477,2
16-01-2025 08:00;Dia;A;1595,7;0,807;85,85;3583,0
16-01-2025 09:00;Dia;A;1649,9;0,761;84,52;3599,5
16-01-2025 10:00;Dia;A;1654,7;0,852;87,59;3694,0
16-01-2025 11:00;Dia;A;1591,8;0,896;87,31;3576,5
16-01-2025 12:00;Dia;A;1598,6;0,929;88,27;3614,5
16-01-2025 13:00;Dia;A;1587,5;0,887;86,44;3580,1
16-01-2025 14:00;Dia;A;1630,3;0,811;87,02;3612,0
16-01-2025 15:00;Dia;A;1725,9;0,796;86,36;3627,6
16-01-2025 16:00;Dia;A;1707,0;0,831;90,72;3697,5
16-01-2025 17:00;Dia;A;1646,3;0,785;88,10;3607,4
16-01-2025 18:00;Dia;A;1580,1;0,759;86,53;3625,5
16-01-2025 19:00;Dia;A;1573,6;0,711;87,58;3529,3
16-01-2025 20:00;Noche;A;1441,1;0,694;88,42;3469,1
16-01-2025 21:00;Noche;A;1389,4;0,777;85,51;3469,7
16-01-2025 22:00;Noche;A;1403,6;0,808;86,40;3463,1
16-01-2025 23:00;Noche;A;1362,2;0,755;87,18;3408,2
17-01-2025 00:00;Noche;A;1428,4;0,736;85,14;3467,9
17-01-2025 01:00;Noche;A;1479,2;0,754;86,36;3457,4
17-01-2025 02:00;Noche;A;1522,4;0,821;85,98;3534,7
17-01-2025 03:00;Noche;A;1493,9;0,786;84,76;3420,1
17-01-2025 04:00;Noche;A;1518,9;0,818;85,16;3541,3
17-01-2025 05:00;Noche;A;1515,2;0,751;84,81;3585,1
17-01-2025 06:00;Noche;A;1505,9;0,759;83,86;3565,6
17-01-2025 07:00;Noche;A;1504,6;0,841;88,17;3566,3
17-01-2025 08:00;Dia;A;1585,9;0,908;87,75;3573,1
17-01-2025 09:00;Dia;A;1552,2;0,851;86,66;3588,0
17-01-2025 10:00;Dia;A;1621,2;0,834;88,10;3600,1
17-01-2025 11:00;Dia;A;1630,4;0,892;88,33;3618,4
17-01-2025 12:00;Dia;A;1652,2;0,865;89,83;3632,0
17-01-2025 13:00;Dia;A;1698,3;0,837;88,78;3540,7
17-01-2025 14:00;Dia;A;1613,9;0,864;89,15;3644,1
17-01-2025 15:00;Dia;A;1585,8;0,857;88,90;3607,6
17-01-2025 16:00;Dia;A;1600,3;0,889;89,02;3628,2
17-01-2025 17:00;Dia;A;1615,5;0,888;88,45;3569,2
17-01-2025 18:00;Dia;A;1590,3;0,821;87,76;3610,6
17-01-2025 19:00;Dia;A;1626,9;0,803;89,51;3622,4
17-01-2025 20:00;Noche;A;1497,3;0,795;87,68;3439,9
17-01-2025 21:00;Noche;A;1429,0;0,733;86,30;3412,2
17-01-2025 22:00;Noche;A;1389,3;0,719;85,77;3452,2
17-01-2025 23:00;Noche;A;1433,6;0,803;87,03;3452,2
18-01-2025 00:00;Noche;A;1454,8;0,739;86,84;3488,6
18-01-2025 01:00;Noche;A;1374,6;0,826;88,09;3416,5
18-01-2025 02:00;Noche;A;1455,0;0,849;85,95;3545,7
18-01-2025 03:00;Noche;A;1488,4;0,848;86,51;3444,1
18-01-2025 04:00;Noche;A;1549,6;0,884;86,58;3504,1
18-01-2025 05:00;Noche;A;1527,6;0,906;86,57;3507,6
18-01-2025 06:00;Noche;A;1519,2;0,955;87,38;3491,2
18-01-2025 07:00;Noche;A;1481,5;0,912;84,99;3499,7
18-01-2025 08:00;Dia;A;1729,7;0,896;86,38;3676,5
18-01-2025 09:00;Dia;A;1713,4;0,886;87,14;3621,0
18-01-2025 10:00;Dia;A;1775,3;0,974;86,37;3723,7
18-01-2025 11:00;Dia;A;1726,9;0,976;87,27;3729,6
18-01-2025 12:00;Dia;A;1722,4;0,887;89,27;3719,2
18-01-2025 13:00;Dia;A;1638,7;0,859;88,34;3700,3
18-01-2025 14:00;Dia;A;1625,9;0,820;88,83;3659,3
18-01-2025 15:00;Dia;A;1669,1;0,825;88,30;3641,5
18-01-2025 16:00;Dia;A;1602,8;0,831;87,25;3664,2
18-01-2025 17:00;Dia;A;1645,9;0,924;86,96;3648,8
18-01-2025 18:00;Dia;A;1643,1;0,785;86,17;3686,7
18-01-2025 19:00;Dia;A;1579,4;0,835;88,42;3568,5
18-01-2025 20:00;Noche;A;1431,9;0,835;88,93;3404,3
18-01-2025 21:00;Noche;A;1411,6;0,785;87,03;3423,4
18-01-2025 22:00;Noche;A;1413,3;0,785;88,01;3471,9
18-01-2025 23:00;Noche;A;1395,3;0,773;87,12;3473,0
19-01-2025 00:00;Noche;A;1301,8;0,797;86,04;3387,1
19-01-2025 01:00;Noche;A;1309,4;0,859;87,00;3436,3
19-01-2025 02:00;Noche;A;1288,8;0,785;85,30;3346,1
19-01-2025 03:00;Noche;A;1267,0;0,879;84,35;3350,8
19-01-2025 04:00;Noche;A;1307,6;0,860;86,78;3440,4
19-01-2025 05:00;Noche;A;1381,9;0,940;85,14;3455,1
19-01-2025 06:00;Noche;A;1340,5;0,938;86,75;3434,3
19-01-2025 07:00;Noche;A;1377,5;0,976;85,58;3508,3
19-01-2025 08:00;Dia;A;1500,3;0,968;86,57;3575,9
19-01-2025 09:00;Dia;A;1490,2;0,985;87,19;3503,0
19-01-2025 10:00;Dia;A;1559,7;0,946;87,05;3584,4
19-01-2025 11:00;Dia;A;1553,1;0,880;84,71;3511,9
19-01-2025 12:00;Dia;A;1630,6;0,907;86,22;3622,2
19-01-2025 13:00;Dia;A;1589,8;0,917;87,21;3611,3
19-01-2025 14:00;Dia;A;1604,1;0,979;87,12;3541,2
19-01-2025 15:00;Dia;A;1584,4;0,822;86,86;3647,7
19-01-2025 16:00;Dia;A;1542,6;0,811;88,42;3635,3
19-01-2025 17:00;Dia;A;1563,0;0,857;87,58;3590,1
19-01-2025 18:00;Dia;A;1542,7;0,774;87,49;3590,1
19-01-2025 19:00;Dia;A;1555,9;0,773;85,97;3616,3
19-01-2025 20:00;Noche;A;1415,8;0,877;87,41;3465,3
19-01-2025 21:00;Noche;A;1355,7;0,904;88,27;3470,0
19-01-2025 22:00;Noche;A;1351,7;0,818;90,28;3441,6
19-01-2025 23:00;Noche;A;1356,3;0,878;90,22;3373,2
20-01-2025 00:00;Noche;A;1470,0;0,906;89,51;3466,3
20-01-2025 01:00;Noche;A;1427,8;0,909;90,14;3452,9
20-01-2025 02:00;Noche;A;1436,6;0,899;87,60;3519,4
20-01-2025 03:00;Noche;A;1377,2;0,893;88,54;3449,0
20-01-2025 04:00;Noche;A;1437,1;0,846;86,97;3521,1
20-01-2025 05:00;Noche;A;1414,0;0,841;86,15;3456,3
20-01-2025 06:00;Noche;A;1370,6;0,898;88,12;3403,0
20-01-2025 07:00;Noche;A;1414,9;0,905;88,22;3555,9
20-01-2025 08:00;Dia;A;1619,6;0,987;90,12;3709,9
20-01-2025 09:00;Dia;A;1574,2;0,932;87,45;3598,5
20-01-2025 10:00;Dia;A;1558,6;0,806;87,41;3569,5
20-01-2025 11:00;Dia;A;1560,4;0,826;87,08;3622,5
20-01-2025 12:00;Dia;A;1543,2;0,860;87,37;3528,3
20-01-2025 13:00;Dia;A;1590,4;0,877;85,61;3590,1
20-01-2025 14:00;Dia;A;1571,9;0,866;87,80;3532,5
20-01-2025 15:00;Dia;A;1557,0;0,813;87,96;3591,6
20-01-2025 16:00;Dia;A;1595,8;0,883;87,20;3604,5
20-01-2025 17:00;Dia;A;1563,9;0,819;85,62;3558,1
20-01-2025 18:00;Dia;A;1585,7;0,842;85,53;3559,4
20-01-2025 19:00;Dia;A;1539,4;0,808;87,78;3495,8
20-01-2025 20:00;Noche;A;1372,1;0,747;87,02;3414,5
20-01-2025 21:00;Noche;A;1308,9;0,832;86,93;3448,1
20-01-2025 22:00;Noche;A;1416,6;0,705;86,70;3455,1
20-01-2025 23:00;Noche;A;1406,8;0,714;86,44;3506,8
21-01-2025 00:00;Noche;A;1425,5;0,782;86,86;3440,1
21-01-2025 01:00;Noche;A;1431,1;0,790;87,49;3472,8
21-01-2025 02:00;Noche;A;1447,5;0,850;87,72;3470,3
21-01-2025 03:00;Noche;A;1459,8;0,852;88,31;3487,1
21-01-2025 04:00;Noche;A;1551,9;0,842;86,21;3584,4
21-01-2025 05:00;Noche;A;1501,9;0,960;87,23;3453,0
21-01-2025 06:00;Noche;A;1446,9;0,921;86,77;3524,3
21-01-2025 07:00;Noche;A;1432,1;;87,18;3516,5
21-01-2025 08:00;Dia;A;1530,1;0,855;87,10;3554,8
21-01-2025 09:00;Dia;A;1602,4;0,841;86,54;3604,9
21-01-2025 10:00;Dia;A;1660,0;0,894;86,99;3631,6
21-01-2025 11:00;Dia;A;1627,2;0,915;88,80;3645,9
21-01-2025 12:00;Dia;A;1582,4;0,897;87,98;3595,3
21-01-2025 13:00;Dia;A;1589,0;0,849;86,47;3565,9
21-01-2025 14:00;Dia;A;1663,2;0,878;88,10;3647,2
21-01-2025 15:00;Dia;A;1537,4;0,781;88,80;3596,6
21-01-2025 16:00;Dia;A;1578,7;0,783;88,08;3598,4
21-01-2025 17:00;Dia;A;1537,7;0,783;88,05;3557,6
21-01-2025 18:00;Dia;A;1591,5;0,752;86,63;3594,3
21-01-2025 19:00;Dia;A;1539,3;0,779;86,71;3533,3
21-01-2025 20:00;Noche;A;1410,9;0,755;87,97;3452,0
21-01-2025 21:00;Noche;A;1351,9;0,738;88,25;3360,9
21-01-2025 22:00;Noche;A;1329,6;0,848;88,29;3407,4
21-01-2025 23:00;Noche;A;1413,3;0,865;87,46;3500,7
22-01-2025 00:00;Noche;A;1454,5;0,900;85,45;3475,7
22-01-2025 01:00;Noche;A;1437,4;0,873;86,23;3446,6
22-01-2025 02:00;Noche;A;1408,9;0,906;87,16;3496,0
22-01-2025 03:00;Noche;A;1349,2;0,923;88,41;3434,1
22-01-2025 04:00;Noche;A;1372,3;0,957;90,49;3450,1
22-01-2025 05:00;Noche;A;1409,5;1,033;90,20;3488,1
22-01-2025 06:00;Noche;A;1439,5;0,961;90,09;3518,1
22-01-2025 07:00;Noche;A;1465,2;0,946;87,84;3510,1
22-01-2025 08:00;Dia;A;1563,8;0,925;89,24;3545,3
22-01-2025 09:00;Dia;A;1593,6;0,756;88,84;3660,1
22-01-2025 10:00;Dia;A;1617,3;0,756;89,87;3615,3
22-01-2025 11:00;Dia;A;1689,8;0,815;90,11;3631,2
22-01-2025 12:00;Dia;A;1766,1;0,871;90,16;3713,9
22-01-2025 13:00;Dia;A;1736,0;0,841;91,04;3731,4
22-01-2025 14:00;Dia;A;1682,8;0,895;89,49;3602,3
22-01-2025 15:00;Dia;A;1667,8;0,925;90,07;3690,3
22-01-2025 16:00;Dia;A;1628,9;0,859;90,38;3611,1
22-01-2025 17:00;Dia;A;1589,3;0,901;88,80;3661,2
22-01-2025 18:00;Dia;A;1584,1;0,935;87,39;3606,5
22-01-2025 19:00;Dia;A;1535,3;0,894;87,95;3545,0
22-01-2025 20:00;Noche;A;1445,3;0,805;87,45;3535,8
22-01-2025 21:00;Noche;A;1436,6;0,868;88,32;3528,6
22-01-2025 22:00;Noche;A;1444,7;0,831;88,36;3472,7
22-01-2025 23:00;Noche;A;1433,7;0,806;86,64;3485,9
23-01-2025 00:00;Noche;A;1404,8;0,819;87,01;3440,4
23-01-2025 01:00;Noche;A;1377,2;0,803;88,00;3475,8
23-01-2025 02:00;Noche;A;1390,4;0,873;87,33;3400,7
23-01-2025 03:00;Noche;A;1391,8;0,905;86,96;3448,2
23-01-2025 04:00;Noche;A;1430,6;0,948;85,95;3403,7
23-01-2025 05:00;Noche;A;1454,4;0,948;87,53;3520,2
23-01-2025 06:00;Noche;A;1419,5;0,890;89,53;3399,3
23-01-2025 07:00;Noche;A;1456,9;0,888;87,14;3468,1
23-01-2025 08:00;Dia;A;1548,4;0,935;88,58;3575,7
23-01-2025 09:00;Dia;A;1558,9;0,902;89,33;3562,4
23-01-2025 10:00;Dia;A;1580,5;1,031;89,04;3574,3
23-01-2025 11:00;Dia;A;1520,9;0,955;88,24;3519,6
23-01-2025 12:00;Dia;A;1564,9;0,893;86,93;3565,4
23-01-2025 13:00;Dia;A;1597,1;0,931;86,92;3538,4
23-01-2025 14:00;Dia;A;1604,3;0,927;87,88;3616,9
23-01-2025 15:00;Dia;A;1593,8;0,884;88,75;3626,0
23-01-2025 16:00;Dia;A;1583,2;0,845;88,53;3615,4
23-01-2025 17:00;Dia;A;1545,3;0,849;89,36;3560,0
23-01-2025 18:00;Dia;A;1542,2;0,865;89,10;3600,6
23-01-2025 19:00;Dia;A;1524,4;0,869;87,21;3559,0
23-01-2025 20:00;Noche;A;1415,6;0,822;88,76;3506,6
23-01-2025 21:00;Noche;A;1368,1;0,831;89,50;3454,1
23-01-2025 22:00;Noche;A;1392,8;0,857;87,78;3454,5
23-01-2025 23:00;Noche;A;1408,4;0,871;89,57;3434,3
24-01-2025 00:00;Noche;A;1410,5;0,711;88,05;3367,3
24-01-2025 01:00;Noche;A;1402,8;0,728;87,40;3481,7
24-01-2025 02:00;Noche;A;1442,8;0,749;89,16;3480,1
24-01-2025 03:00;Noche;A;1384,3;0,791;85,25;3521,9
24-01-2025 04:00;Noche;A;1434,5;0,839;84,12;3411,7
24-01-2025 05:00;Noche;A;1467,7;0,903;86,44;3537,5
24-01-2025 06:00;Noche;A;1498,6;0,929;86,71;3494,9
24-01-2025 07:00;Noche;A;1529,6;0,911;85,95;3551,5
24-01-2025 08:00;Dia;A;1631,8;0,909;88,50;3585,8
24-01-2025 09:00;Dia;A;1636,5;0,985;89,40;3635,9
24-01-2025 10:00;Dia;A;1677,8;0,918;87,28;3649,7
24-01-2025 11:00;Dia;A;1699,1;0,918;87,04;3697,0
24-01-2025 12:00;Dia;A;1703,4;0,969;89,02;3673,6
24-01-2025 13:00;Dia;A;1631,1;0,937;90,95;3640,4
24-01-2025 14:00;Dia;A;1659,0;0,805;87,01;3685,3
24-01-2025 15:00;Dia;A;1701,8;0,835;87,91;3682,5
24-01-2025 16:00;Dia;A;1722,3;0,811;87,43;3669,2
24-01-2025 17:00;Dia;A;1700,4;0,806;85,52;3702,4
24-01-2025 18:00;Dia;A;1604,5;0,851;86,45;3590,9
24-01-2025 19:00;Dia;A;1634,0;;85,05;3624,9
24-01-2025 20:00;Noche;A;1487,7;0,813;85,16;3505,0
24-01-2025 21:00;Noche;A;1366,4;0,846;87,99;3414,9
24-01-2025 22:00;Noche;A;1397,5;0,847;88,19;3347,6
24-01-2025 23:00;Noche;A;1343,3;0,836;88,50;3446,6
25-01-2025 00:00;Noche;A;1313,2;0,844;88,49;3360,7
25-01-2025 01:00;Noche;A;1321,6;0,853;88,20;3434,6
25-01-2025 02:00;Noche;A;1412,1;0,837;88,62;3530,6
25-01-2025 03:00;Noche;A;1415,6;0,829;86,41;3421,8
25-01-2025 04:00;Noche;A;1450,0;0,853;86,23;3525,0
25-01-2025 05:00;Noche;A;1542,6;;87,37;3550,1
25-01-2025 06:00;Noche;A;1609,8;0,802;86,23;3614,8
25-01-2025 07:00;Noche;A;1592,5;0,906;86,68;3547,5
25-01-2025 08:00;Dia;A;1696,4;0,894;88,54;3659,1
25-01-2025 09:00;Dia;A;1642,9;0,897;90,18;3633,0
25-01-2025 10:00;Dia;A;1626,7;0,890;88,69;3670,9
25-01-2025 11:00;Dia;A;1660,6;0,890;87,65;3718,9
25-01-2025 12:00;Dia;A;1682,5;0,885;88,68;3666,8
25-01-2025 13:00;Dia;A;1683,6;0,878;88,93;3642,6
25-01-2025 14:00;Dia;A;1717,6;0,828;87,72;3755,8
25-01-2025 15:00;Dia;A;1664,2;0,873;88,90;3636,8
25-01-2025 16:00;Dia;A;1649,4;0,818;89,03;3626,9
25-01-2025 17:00;Dia;A;1666,6;0,861;88,94;3640,4
25-01-2025 18:00;Dia;A;1669,1;0,748;91,32;3652,0
25-01-2025 19:00;Dia;A;1687,8;0,722;91,07;3669,4
25-01-2025 20:00;Noche;A;1551,0;0,800;90,74;3535,2
25-01-2025 21:00;Noche;A;1507,3;0,792;90,37;3522,4
25-01-2025 22:00;Noche;A;1502,5;0,767;92,22;3589,5
25-01-2025 23:00;Noche;A;1442,6;0,805;91,39;3541,2
26-01-2025 00:00;Noche;A;1303,3;0,766;88,34;3412,6
26-01-2025 00:00;Noche;A;1321,3;0,766;88,34;3412,6
26-01-2025 01:00;Noche;A;1347,7;0,802;88,06;3434,3
26-01-2025 02:00;Noche;A;1358,5;0,725;87,00;3424,0
26-01-2025 03:00;Noche;A;1386,4;0,768;86,18;3488,6
26-01-2025 04:00;Noche;A;1328,0;0,789;86,66;3399,2
26-01-2025 05:00;Noche;A;1344,8;0,858;87,35;3435,7
26-01-2025 06:00;Noche;A;1351,9;0,916;87,58;3422,2
26-01-2025 07:00;Noche;A;1349,6;0,871;86,83;3417,9
26-01-2025 08:00;Dia;A;1412,1;0,959;88,69;3483,4
26-01-2025 09:00;Dia;A;1451,1;0,907;86,44;3508,9
26-01-2025 10:00;Dia;A;1532,2;0,809;87,61;3540,0
26-01-2025 11:00;Dia;A;1570,4;0,737;87,34;3583,4
26-01-2025 12:00;Dia;A;1555,5;0,869;88,59;3579,4
26-01-2025 13:00;Dia;A;1565,6;0,862;85,75;3565,9
26-01-2025 14:00;Dia;A;1601,6;0,827;88,61;3580,3
26-01-2025 15:00;Dia;A;1476,2;0,796;86,26;3519,3
26-01-2025 16:00;Dia;A;1488,0;0,758;85,70;3554,5
26-01-2025 17:00;Dia;A;1520,2;0,843;87,71;3586,2
26-01-2025 18:00;Dia;A;1545,9;0,821;86,93;3565,8
26-01-2025 19:00;Dia;A;1604,4;0,891;87,11;3582,5
26-01-2025 20:00;Noche;A;1501,9;0,839;84,42;3524,7
26-01-2025 21:00;Noche;A;1479,1;0,715;84,27;3578,2
26-01-2025 22:00;Noche;A;1461,3;0,793;85,77;3529,3
26-01-2025 23:00;Noche;A;1469,4;0,785;86,82;3465,7
27-01-2025 00:00;Noche;A;1492,1;0,792;86,33;3511,8
27-01-2025 01:00;Noche;A;1480,8;0,883;87,12;3488,0
27-01-2025 02:00;Noche;A;1516,2;0,857;87,37;3517,1
27-01-2025 03:00;Noche;A;1591,5;0,913;86,67;3518,0
27-01-2025 04:00;Noche;A;1563,9;0,898;85,90;3565,2
27-01-2025 05:00;Noche;A;1552,5;0,860;88,52;3511,1
27-01-2025 06:00;Noche;A;1558,7;0,900;87,25;3545,8
27-01-2025 07:00;Noche;A;1615,0;0,874;88,72;3659,8
27-01-2025 08:00;Dia;A;1722,1;0,943;88,84;3710,4
27-01-2025 09:00;Dia;A;1776,8;0,968;90,55;3679,4
27-01-2025 10:00;Dia;A;1715,8;0,938;88,91;3637,5
27-01-2025 11:00;Dia;A;1701,7;0,943;89,49;3634,4
27-01-2025 12:00;Dia;A;1688,4;0,938;89,62;3591,3
27-01-2025 13:00;Dia;A;1716,5;0,892;88,81;3641,0
27-01-2025 14:00;Dia;A;1744,4;0,912;89,25;3682,8
27-01-2025 15:00;Dia;A;1653,3;0,867;87,88;3596,4
27-01-2025 16:00;Dia;A;1605,2;0,874;88,03;3629,2
27-01-2025 17:00;Dia;A;1616,9;0,803;87,23;3604,4
27-01-2025 18:00;Dia;A;1579,7;0,807;88,31;3560,8
27-01-2025 19:00;Dia;A;1511,9;0,821;87,94;3598,2
27-01-2025 20:00;Noche;A;1446,0;0,774;85,76;3516,8
27-01-2025 21:00;Noche;A;1462,3;0,766;85,69;3501,3
27-01-2025 22:00;Noche;A;1474,2;0,759;85,87;3571,1
27-01-2025 23:00;Noche;A;1443,6;0,816;85,33;3531,6
28-01-2025 00:00;Noche;A;1486,1;0,788;87,19;3484,6
28-01-2025 01:00;Noche;A;1467,9;0,830;87,56;3510,9
28-01-2025 02:00;Noche;A;1514,5;0,909;88,61;3513,5
28-01-2025 03:00;Noche;A;1469,7;0,906;87,07;3451,5
28-01-2025 04:00;Noche;A;1443,4;0,821;86,12;3558,3
28-01-2025 05:00;Noche;A;1472,8;0,858;87,80;3565,0
28-01-2025 06:00;Noche;A;1461,1;0,923;86,27;3460,6
28-01-2025 07:00;Noche;A;1513,7;0,901;87,19;3560,1
28-01-2025 08:00;Dia;A;1658,4;0,953;87,90;3575,4
28-01-2025 09:00;Dia;A;1628,6;0,958;87,57;3657,8
28-01-2025 10:00;Dia;A;1648,3;0,950;88,08;3631,1
28-01-2025 11:00;Dia;A;1644,1;0,910;86,87;3621,1
28-01-2025 12:00;Dia;A;1692,0;0,872;87,65;3707,3
28-01-2025 13:00;Dia;A;1659,6;0,856;86,48;3641,6
28-01-2025 14:00;Dia;A;1639,4;0,856;85,77;3618,1
28-01-2025 15:00;Dia;A;1688,9;0,870;88,56;3689,4
28-01-2025 16:00;Dia;A;1764,3;0,867;87,65;3689,6
28-01-2025 17:00;Dia;A;1806,1;0,829;85,15;3755,3
28-01-2025 18:00;Dia;A;1751,9;0,820;87,30;3686,9
28-01-2025 19:00;Dia;A;1714,2;0,828;86,52;3690,4
28-01-2025 20:00;Noche;A;1618,5;0,741;82,17;3621,0
28-01-2025 21:00;Noche;A;1565,7;0,732;83,81;3591,7
28-01-2025 22:00;Noche;A;1490,1;0,729;85,89;3477,6
28-01-2025 23:00;Noche;A;1480,4;0,758;86,57;3575,3
29-01-2025 00:00;Noche;A;1489,4;0,776;88,54;3506,3
29-01-2025 01:00;Noche;A;1445,7;0,793;87,55;3549,5
29-01-2025 02:00;Noche;A;1382,7;0,781;87,68;3425,9
29-01-2025 03:00;Noche;A;1348,8;0,850;86,35;3418,6
29-01-2025 04:00;Noche;A;1416,5;0,876;86,88;3463,4
29-01-2025 05:00;Noche;A;1412,3;0,809;88,37;3515,3
29-01-2025 06:00;Noche;A;1439,2;0,850;88,63;3477,5
29-01-2025 07:00;Noche;A;1477,9;0,824;88,16;3535,3
29-01-2025 08:00;Dia;A;1646,6;0,937;86,23;3570,6
29-01-2025 09:00;Dia;A;1644,4;0,902;86,43;3611,3
29-01-2025 10:00;Dia;A;1678,1;0,882;85,56;3659,7
29-01-2025 11:00;Dia;A;1643,9;0,889;87,66;3627,6
29-01-2025 12:00;Dia;A;1638,2;0,875;87,07;3560,1
29-01-2025 13:00;Dia;A;1602,8;0,867;88,05;3624,3
29-01-2025 14:00;Dia;A;1662,7;0,929;87,43;3606,8
29-01-2025 15:00;Dia;A;1654,4;0,897;90,03;3705,7
29-01-2025 16:00;Dia;A;1613,4;0,901;88,08;3600,1
29-01-2025 17:00;Dia;A;1594,2;0,912;88,44;3674,7
29-01-2025 18:00;Dia;A;1581,0;0,819;90,92;3605,2
29-01-2025 19:00;Dia;A;1606,2;0,886;90,21;3610,3
29-01-2025 20:00;Noche;A;1406,1;0,877;88,11;3449,0
29-01-2025 21:00;Noche;A;1368,1;0,885;88,59;3436,2
29-01-2025 22:00;Noche;A;1367,0;0,811;88,77;3454,5
29-01-2025 23:00;Noche;A;1489,5;0,849;89,16;3441,5
30-01-2025 00:00;Noche;A;1517,5;0,857;85,90;3566,0
30-01-2025 01:00;Noche;A;1496,9;0,825;86,27;3474,4
30-01-2025 02:00;Noche;A;1520,1;0,941;84,54;3523,4
30-01-2025 03:00;Noche;A;1598,7;0,933;87,81;3483,4
30-01-2025 04:00;Noche;A;1566,2;0,899;87,48;3582,4
30-01-2025 05:00;Noche;A;1541,0;0,904;86,87;3580,3
30-01-2025 06:00;Noche;A;1592,6;0,943;88,14;3598,5
30-01-2025 07:00;Noche;A;1604,8;0,977;88,84;3610,6
30-01-2025 08:00;Dia;A;1743,9;0,971;87,21;3674,4
30-01-2025 09:00;Dia;A;1710,2;0,996;89,82;3675,1
30-01-2025 10:00;Dia;A;1787,3;1,018;89,31;3763,5
30-01-2025 11:00;Dia;A;1835,0;0,904;86,51;3734,4
30-01-2025 12:00;Dia;A;1820,5;;88,83;3759,8
30-01-2025 13:00;Dia;A;1811,3;0,825;90,25;3762,0
30-01-2025 14:00;Dia;A;1686,4;0,841;91,04;3648,1
30-01-2025 15:00;Dia;A;1700,1;0,904;90,98;3672,0
30-01-2025 16:00;Dia;A;1670,6;0,897;88,92;3650,5
30-01-2025 17:00;Dia;A;1670,1;0,812;89,30;3621,1
30-01-2025 18:00;Dia;A;1675,9;0,795;90,75;3729,0
30-01-2025 19:00;Dia;A;1633,7;0,843;90,65;3594,6
30-01-2025 20:00;Noche;A;-999;0,799;90,98;3539,6
30-01-2025 21:00;Noche;A;1439,6;0,795;88,41;3524,0
30-01-2025 22:00;Noche;A;1405,4;0,813;89,04;3387,0
30-01-2025 23:00;Noche;A;1398,1;0,732;88,70;3465,2
31-01-2025 00:00;Noche;A;1383,4;0,810;86,31;3484,3
31-01-2025 01:00;Noche;A;1386,7;0,839;84,59;3478,8
31-01-2025 02:00;Noche;A;1310,6;0,871;84,72;3369,7
31-01-2025 03:00;Noche;A;1406,2;0,826;85,38;3473,6
31-01-2025 04:00;Noche;A;1442,3;0,816;86,36;3444,9
31-01-2025 05:00;Noche;A;1510,1;0,823;86,29;3495,7
31-01-2025 06:00;Noche;A;1601,8;0,869;86,77;3585,0
31-01-2025 07:00;Noche;A;1591,8;0,888;87,04;3597,7
31-01-2025 08:00;Dia;A;1630,3;0,902;87,54;3676,5
31-01-2025 09:00;Dia;A;1608,8;0,984;88,97;3619,8
31-01-2025 10:00;Dia;A;1579,7;1,004;89,63;3629,5
31-01-2025 11:00;Dia;A;1586,5;0,920;88,86;3551,7
31-01-2025 12:00;Dia;A;1613,7;0,872;88,84;3570,6
31-01-2025 13:00;Dia;A;1543,4;0,945;88,63;3551,3
31-01-2025 14:00;Dia;A;1585,0;0,888;89,38;3658,3
31-01-2025 15:00;Dia;A;1533,9;0,927;88,70;3510,9
31-01-2025 16:00;Dia;A;1566,5;0,952;90,81;3519,6
31-01-2025 17:00;Dia;A;1569,3;0,865;89,42;3573,9
31-01-2025 18:00;Dia;A;1558,4;0,825;88,94;3610,7
31-01-2025 19:00;Dia;A;1556,9;0,817;87,42;3502,7
31-01-2025 20:00;Noche;A;1413,5;0,770;86,66;3461,7
31-01-2025 21:00;Noche;A;1391,5;0,739;86,70;3404,8
31-01-2025 22:00;Noche;A;1329,8;0,751;86,65;3468,1
31-01-2025 23:00;Noche;A;1354,0;0,818;86,15;3454,0
01-02-2025 00:00;Noche;A;1453,3;0,802;84,81;3499,7
01-02-2025 01:00;Noche;A;1536,6;0,809;85,52;3539,9
01-02-2025 02:00;Noche;A;1575,5;0,808;86,04;3558,3
01-02-2025 03:00;Noche;A;1583,5;0,774;86,64;3578,9
01-02-2025 04:00;Noche;A;1536,2;0,889;88,69;3523,1
01-02-2025 05:00;Noche;A;1594,5;0,785;87,09;3553,5
01-02-2025 06:00;Noche;A;1579,5;0,807;84,71;3538,9
01-02-2025 07:00;Noche;A;1571,3;0,876;85,92;3578,3
01-02-2025 08:00;Dia;A;1678,4;0,827;84,16;3617,8
01-02-2025 09:00;Dia;A;1686,3;0,889;84,41;3686,8
01-02-2025 10:00;Dia;A;1670,3;0,949;87,55;3568,9
01-02-2025 11:00;Dia;A;1671,9;0,884;88,33;3669,7
01-02-2025 12:00;Dia;A;1628,9;0,890;87,69;3642,1
01-02-2025 13:00;Dia;A;1623,2;0,829;86,94;3663,4
01-02-2025 14:00;Dia;A;1726,3;0,861;87,57;3671,9
01-02-2025 15:00;Dia;A;1700,3;0,854;85,78;3607,7
01-02-2025 16:00;Dia;A;1668,9;0,850;87,32;3607,1
01-02-2025 17:00;Dia;A;1673,0;0,894;87,48;3682,7
01-02-2025 18:00;Dia;A;1679,2;0,875;89,83;3630,3
01-02-2025 19:00;Dia;A;1603,7;0,901;87,92;3576,4
01-02-2025 20:00;Noche;A;1462,6;0,883;88,94;3479,7
01-02-2025 21:00;Noche;A;1492,6;0,792;86,97;3515,0
01-02-2025 22:00;Noche;A;1487,7;0,810;88,17;3504,0
01-02-2025 23:00;Noche;A;1478,8;0,834;86,52;3448,2
02-02-2025 00:00;Noche;A;1464,6;0,765;87,01;3474,4
02-02-2025 01:00;Noche;A;1416,0;0,859;86,69;3504,0
02-02-2025 02:00;Noche;A;1415,5;0,860;85,70;3521,2
02-02-2025 03:00;Noche;A;1394,5;0,880;86,06;3452,0
02-02-2025 04:00;Noche;A;1468,0;0,840;86,75;3485,5
02-02-2025 05:00;Noche;A;1383,3;0,866;87,44;3505,1
02-02-2025 06:00;Noche;A;1377,8;0,895;89,42;3448,1
02-02-2025 07:00;Noche;A;1383,3;0,885;89,62;3417,6
02-02-2025 08:00;Dia;A;1560,0;0,898;85,83;3568,9
02-02-2025 09:00;Dia;A;1601,6;0,805;85,71;3627,6
02-02-2025 10:00;Dia;A;1666,1;0,908;84,77;3701,4
02-02-2025 11:00;Dia;A;1588,7;0,850;85,47;3579,0
02-02-2025 12:00;Dia;A;1626,1;0,764;86,85;3640,5
02-02-2025 13:00;Dia;A;1607,0;0,766;85,68;3596,1
02-02-2025 14:00;Dia;A;1572,9;0,766;85,16;3628,2
02-02-2025 15:00;Dia;A;1593,4;0,822;86,74;3606,3
02-02-2025 16:00;Dia;A;1542,6;0,781;86,69;3572,5
02-02-2025 17:00;Dia;A;1451,2;0,808;89,14;3466,9
02-02-2025 18:00;Dia;A;1450,0;0,763;88,65;3487,6
02-02-2025 19:00;Dia;A;1398,2;0,878;89,38;3452,2
02-02-2025 20:00;Noche;A;1272,5;0,867;90,69;3250,2
02-02-2025 21:00;Noche;A;1309,5;0,925;89,09;3435,5
02-02-2025 22:00;Noche;A;1334,7;0,825;87,83;3417,1
02-02-2025 23:00;Noche;A;1408,1;0,850;86,34;3454,1
03-02-2025 00:00;Noche;A;1460,4;0,796;86,46;3480,5
03-02-2025 01:00;Noche;A;1394,4;0,842;87,91;3454,3
03-02-2025 02:00;Noche;A;1381,6;0,878;89,22;3455,5
03-02-2025 03:00;Noche;A;1369,8;0,801;87,77;3392,8
03-02-2025 04:00;Noche;A;1353,3;0,786;86,31;3438,0
03-02-2025 05:00;Noche;A;1415,0;0,781;85,46;3478,7
03-02-2025 06:00;Noche;A;1420,2;0,767;84,21;3481,9
03-02-2025 07:00;Noche;A;1371,7;0,796;85,59;3399,0
03-02-2025 08:00;Dia;A;1570,2;0,802;87,93;3574,7
03-02-2025 09:00;Dia;A;1596,6;0,783;84,82;3551,3
03-02-2025 10:00;Dia;A;1636,3;0,839;83,68;3638,1
03-02-2025 11:00;Dia;A;1654,4;0,886;87,42;3686,3
03-02-2025 12:00;Dia;A;1687,9;0,823;85,56;3691,0
03-02-2025 13:00;Dia;A;1684,8;0,816;86,99;3643,9
03-02-2025 14:00;Dia;A;1728,6;0,832;86,06;3662,5
03-02-2025 15:00;Dia;A;1722,9;0,823;87,82;3656,1
03-02-2025 16:00;Dia;A;1712,3;0,791;88,67;3680,9
03-02-2025 17:00;Dia;A;1700,4;0,837;88,78;3633,1
03-02-2025 18:00;Dia;A;1608,8;0,860;89,52;3578,0
03-02-2025 19:00;Dia;A;1590,9;0,863;88,88;3490,8
03-02-2025 20:00;Noche;A;1450,8;0,824;88,78;3462,4
03-02-2025 21:00;Noche;A;1453,9;0,902;90,74;3464,3
03-02-2025 22:00;Noche;A;1390,3;0,937;90,90;3431,9
03-02-2025 23:00;Noche;A;1469,3;0,863;88,25;3544,5
04-02-2025 00:00;Noche;A;1466,6;0,841;86,56;3447,4
04-02-2025 01:00;Noche;A;1412,6;0,893;86,60;3415,4
04-02-2025 02:00;Noche;A;1355,3;0,839;86,11;3452,3
04-02-2025 03:00;Noche;A;1376,9;0,870;86,58;3409,1
04-02-2025 04:00;Noche;A;1405,9;0,876;86,03;3459,9
04-02-2025 05:00;Noche;A;1406,0;0,851;87,09;3475,3
04-02-2025 06:00;Noche;A;1444,5;0,862;87,23;3496,4
04-02-2025 07:00;Noche;A;1446,0;0,810;87,44;3471,2
04-02-2025 08:00;Dia;A;1619,9;0,829;87,53;3644,5
04-02-2025 09:00;Dia;A;1608,1;0,772;88,00;3661,2
04-02-2025 10:00;Dia;A;1628,3;0,931;87,35;3583,1
04-02-2025 11:00;Dia;A;1685,1;0,980;90,08;3646,6
04-02-2025 12:00;Dia;A;1792,4;0,989;90,16;3758,3
04-02-2025 13:00;Dia;A;1719,2;0,946;90,08;3670,1
04-02-2025 14:00;Dia;A;1683,1;0,947;90,39;3617,2
04-02-2025 15:00;Dia;A;1635,6;0,954;91,15;3606,9
04-02-2025 16:00;Dia;A;1663,4;0,940;91,05;3668,2
04-02-2025 17:00;Dia;A;1598,3;0,923;90,27;3557,5
04-02-2025 18:00;Dia;A;1573,1;0,828;88,72;3584,9
04-02-2025 19:00;Dia;A;1569,7;0,834;86,32;3584,4
04-02-2025 20:00;Noche;A;1404,7;0,793;86,75;3441,1
04-02-2025 21:00;Noche;A;1370,5;0,742;86,12;3462,3
04-02-2025 22:00;Noche;A;1364,8;0,719;85,71;3460,6
04-02-2025 23:00;Noche;A;1293,4;;89,11;3427,4
05-02-2025 00:00;Noche;A;1269,6;0,848;86,15;3409,8
05-02-2025 01:00;Noche;A;1298,4;0,782;86,02;3338,6
05-02-2025 02:00;Noche;A;1347,6;0,892;88,22;3458,4
05-02-2025 03:00;Noche;A;1375,1;0,947;89,19;3465,8
05-02-2025 04:00;Noche;A;1333,9;0,899;89,67;3457,3
05-02-2025 05:00;Noche;A;1362,7;0,874;87,04;3410,6
05-02-2025 06:00;Noche;A;1441,7;0,882;86,04;3527,4
05-02-2025 07:00;Noche;A;1494,2;0,936;87,72;3543,5
05-02-2025 08:00;Dia;A;1629,6;0,905;87,35;3573,8
05-02-2025 09:00;Dia;A;1608,6;0,854;89,43;3653,0
05-02-2025 10:00;Dia;A;1656,8;0,888;89,37;3609,1
05-02-2025 11:00;Dia;A;1641,1;0,795;88,69;3591,8
05-02-2025 12:00;Dia;A;1602,2;0,838;89,21;3620,3
05-02-2025 13:00;Dia;A;1585,3;0,901;88,92;3572,4
05-02-2025 14:00;Dia;A;1663,0;0,891;88,94;3655,0
05-02-2025 15:00;Dia;A;1665,0;0,901;88,07;3632,0
05-02-2025 16:00;Dia;A;1701,2;0,887;88,15;3671,4
05-02-2025 17:00;Dia;A;1654,8;0,885;87,64;3659,4
05-02-2025 18:00;Dia;A;1675,2;0,854;87,96;3637,7
05-02-2025 19:00;Dia;A;1622,3;0,791;85,80;3635,1
05-02-2025 20:00;Noche;A;1478,7;0,783;84,49;3542,3
05-02-2025 21:00;Noche;A;1570,6;0,786;86,00;3534,7
05-02-2025 22:00;Noche;A;1567,1;0,851;86,93;3593,0
05-02-2025 23:00;Noche;A;1512,2;0,907;86,09;3549,1
06-02-2025 00:00;Noche;A;1490,9;0,889;86,10;3517,6
06-02-2025 01:00;Noche;A;1495,4;0,832;84,82;3557,1
06-02-2025 02:00;Noche;A;1540,0;0,808;87,82;3605,8
06-02-2025 03:00;Noche;A;1506,7;0,826;85,51;3554,0
06-02-2025 04:00;Noche;A;1434,0;0,912;88,55;3429,3
06-02-2025 05:00;Noche;A;1445,5;0,917;87,12;3509,9
06-02-2025 06:00;Noche;A;1470,9;0,906;87,74;3507,5
06-02-2025 07:00;Noche;A;1497,4;0,870;87,21;3522,0
06-02-2025 08:00;Dia;A;1690,6;0,925;87,31;3667,3
06-02-2025 09:00;Dia;A;1704,9;0,928;88,85;3653,9
06-02-2025 10:00;Dia;A;1736,7;0,911;89,61;3747,7
06-02-2025 11:00;Dia;A;1679,1;0,905;88,83;3663,2
06-02-2025 12:00;Dia;A;1716,3;0,968;88,07;3677,3
06-02-2025 13:00;Dia;A;1792,6;0,913;90,66;3752,3
06-02-2025 14:00;Dia;A;1790,1;0,960;91,90;3750,2
06-02-2025 15:00;Dia;A;1761,8;0,959;90,93;3744,8
06-02-2025 16:00;Dia;A;1731,5;0,899;89,43;3703,4
06-02-2025 17:00;Dia;A;1772,7;0,899;89,38;3701,4
06-02-2025 18:00;Dia;A;1685,3;0,850;88,73;3650,4
06-02-2025 19:00;Dia;A;1650,5;0,789;89,39;3541,2
06-02-2025 20:00;Noche;A;1525,8;0,780;87,27;3486,5
06-02-2025 21:00;Noche;A;1532,7;0,747;86,93;3580,6
06-02-2025 22:00;Noche;A;1488,1;0,796;86,08;3500,7
06-02-2025 23:00;Noche;A;1487,0;0,804;87,89;3577,7
07-02-2025 00:00;Noche;A;1463,9;0,839;89,69;3562,5
07-02-2025 01:00;Noche;A;1466,5;0,875;88,57;3452,1
07-02-2025 02:00;Noche;A;1462,0;0,724;87,61;3508,0
07-02-2025 03:00;Noche;A;1420,8;0,802;89,11;3579,3
07-02-2025 04:00;Noche;A;1441,8;0,755;87,44;3459,5
07-02-2025 05:00;Noche;A;1500,0;0,823;86,32;3542,0
07-02-2025 06:00;Noche;A;1470,5;0,817;87,82;3503,8
07-02-2025 07:00;Noche;A;1482,4;0,861;88,44;3513,9
07-02-2025 08:00;Dia;A;1651,9;0,942;88,39;3620,5
07-02-2025 09:00;Dia;A;1617,7;0,847;89,59;3611,4
07-02-2025 10:00;Dia;A;1644,8;0,878;89,45;3658,9
07-02-2025 11:00;Dia;A;1611,9;0,878;86,90;3582,0
07-02-2025 12:00;Dia;A;1677,2;0,792;87,46;3671,0
07-02-2025 13:00;Dia;A;1772,3;0,853;88,01;3685,0
07-02-2025 14:00;Dia;A;1827,4;0,852;90,45;3763,3
07-02-2025 15:00;Dia;A;1769,9;0,821;89,43;3718,1
07-02-2025 16:00;Dia;A;1762,3;0,789;88,47;3670,6
07-02-2025 17:00;Dia;A;1725,8;0,943;89,64;3678,9
07-02-2025 18:00;Dia;A;1693,4;0,862;88,99;3623,4
07-02-2025 19:00;Dia;A;1726,2;0,752;86,16;3636,6
07-02-2025 20:00;Noche;A;1507,9;0,730;86,46;3572,6
07-02-2025 21:00;Noche;A;1532,4;0,744;86,18;3475,1
07-02-2025 22:00;Noche;A;1504,2;0,753;88,02;3543,4
07-02-2025 23:00;Noche;A;1545,3;0,777;90,35;3573,2
08-02-2025 00:00;Noche;A;1527,1;0,751;87,23;3513,6
08-02-2025 01:00;Noche;A;1480,7;0,814;85,99;3547,2
08-02-2025 02:00;Noche;A;1489,8;0,809;85,14;3547,4
08-02-2025 03:00;Noche;A;1520,5;0,774;84,67;3487,1
08-02-2025 04:00;Noche;A;1519,0;0,784;84,58;3555,7
08-02-2025 05:00;Noche;A;1541,5;0,814;85,63;3570,5
08-02-2025 06:00;Noche;A;1520,4;0,890;87,93;3516,1
08-02-2025 07:00;Noche;A;1440,3;0,918;86,42;3518,0
08-02-2025 08:00;Dia;A;1630,3;0,897;85,10;3645,1
08-02-2025 09:00;Dia;A;1675,8;0,900;84,13;3621,6
08-02-2025 10:00;Dia;A;1686,9;0,908;87,20;3583,5
08-02-2025 11:00;Dia;A;1690,9;0,990;89,85;3675,4
08-02-2025 12:00;Dia;A;1732,3;0,911;87,28;3659,3
08-02-2025 13:00;Dia;A;1697,3;0,910;85,93;3601,2
08-02-2025 14:00;Dia;A;1656,5;0,915;87,27;3623,9
08-02-2025 15:00;Dia;A;1643,1;0,836;88,71;3540,0
08-02-2025 16:00;Dia;A;1686,0;0,838;89,74;3639,5
08-02-2025 17:00;Dia;A;1605,3;0,833;89,27;3654,4
08-02-2025 18:00;Dia;A;1648,8;0,798;89,31;3517,8
08-02-2025 19:00;Dia;A;1600,9;0,823;89,09;3607,0
08-02-2025 20:00;Noche;A;1423,1;0,857;87,92;3442,9
08-02-2025 21:00;Noche;A;1477,4;0,881;90,11;3492,9
08-02-2025 22:00;Noche;A;1460,9;0,838;88,69;3462,4
08-02-2025 23:00;Noche;A;1399,1;0,835;86,59;3480,0
09-02-2025 00:00;Noche;A;1324,6;0,936;86,65;3409,5
09-02-2025 01:00;Noche;A;1378,6;0,842;84,45;3415,0
09-02-2025 02:00;Noche;A;1434,2;0,856;85,42;3431,1
09-02-2025 03:00;Noche;A;1412,5;0,901;87,53;3452,1
09-02-2025 04:00;Noche;A;1436,0;0,898;85,83;3527,5
09-02-2025 05:00;Noche;A;1471,3;0,924;87,92;3465,0
09-02-2025 06:00;Noche;A;1445,0;0,920;90,29;3511,9
09-02-2025 07:00;Noche;A;1470,9;0,946;89,91;3528,2
09-02-2025 08:00;Dia;A;1596,6;0,985;88,08;3522,7
09-02-2025 09:00;Dia;A;1581,1;0,938;87,01;3630,2
09-02-2025 10:00;Dia;A;1571,6;0,928;87,18;3583,9
09-02-2025 11:00;Dia;A;1586,8;0,907;86,13;3678,5
09-02-2025 12:00;Dia;A;1594,5;0,875;85,47;3665,5
09-02-2025 13:00;Dia;A;1571,9;0,868;86,37;3577,6
09-02-2025 14:00;Dia;A;1556,8;0,808;86,67;3570,5
09-02-2025 15:00;Dia;A;1605,4;0,853;88,26;3567,3
09-02-2025 16:00;Dia;A;1599,3;0,916;87,21;3547,4
09-02-2025 17:00;Dia;A;1618,2;0,945;90,16;3636,5
09-02-2025 18:00;Dia;A;1641,4;0,938;90,73;3609,0
09-02-2025 19:00;Dia;A;1629,5;0,831;90,16;3592,9
09-02-2025 20:00;Noche;A;1568,6;0,884;88,57;3560,9
09-02-2025 21:00;Noche;A;1481,5;0,813;89,79;3535,9
09-02-2025 22:00;Noche;A;1484,5;0,806;88,15;3545,6
09-02-2025 23:00;Noche;A;1440,6;0,892;90,23;3482,3
10-02-2025 00:00;Noche;A;1571,2;0,814;89,74;3555,6
10-02-2025 01:00;Noche;A;1613,4;0,862;87,63;3593,2
10-02-2025 02:00;Noche;A;1495,6;0,870;86,77;3594,3
10-02-2025 03:00;Noche;A;1453,3;0,861;88,99;3416,2
10-02-2025 04:00;Noche;A;1495,0;0,830;89,16;3478,6
10-02-2025 05:00;Noche;A;1536,3;0,876;88,32;3567,7
10-02-2025 06:00;Noche;A;1569,3;0,865;88,10;3579,1
10-02-2025 07:00;Noche;A;1563,7;0,929;88,48;3618,9
10-02-2025 08:00;Dia;A;1704,1;0,973;87,66;3712,0
10-02-2025 09:00;Dia;A;1729,2;0,879;87,23;3754,8
10-02-2025 10:00;Dia;A;1717,6;0,864;86,75;3646,3
10-02-2025 11:00;Dia;A;1754,2;0,860;86,84;3722,7
10-02-2025 12:00;Dia;A;1641,3;0,814;87,76;3621,6
10-02-2025 13:00;Dia;A;1675,0;0,785;86,62;3686,9
10-02-2025 14:00;Dia;A;1626,0;0,818;88,26;3626,2
10-02-2025 15:00;Dia;A;1668,4;0,816;88,35;3676,6
10-02-2025 16:00;Dia;A;1645,5;0,744;88,72;3599,4
10-02-2025 17:00;Dia;A;1595,8;0,750;89,33;3599,5
10-02-2025 18:00;Dia;A;1607,4;0,796;90,30;3578,3
10-02-2025 19:00;Dia;A;1558,5;0,742;89,56;3554,3
10-02-2025 20:00;Noche;A;1399,1;0,725;89,21;3445,4
10-02-2025 21:00;Noche;A;1340,7;0,829;88,53;3385,3
10-02-2025 22:00;Noche;A;1361,4;0,877;88,85;3476,0
10-02-2025 23:00;Noche;A;1400,0;0,775;86,42;3468,2
11-02-2025 00:00;Noche;A;1453,3;0,737;85,83;3530,5
11-02-2025 01:00;Noche;A;1447,6;0,799;87,16;3449,8
11-02-2025 02:00;Noche;A;1497,4;0,769;86,59;3446,1
11-02-2025 03:00;Noche;A;1496,1;0,801;87,17;3495,9
11-02-2025 04:00;Noche;A;1495,3;0,816;85,72;3516,3
11-02-2025 05:00;Noche;A;1527,4;0,874;88,13;3574,2
11-02-2025 06:00;Noche;A;1576,1;0,771;86,49;3617,4
11-02-2025 07:00;Noche;A;1557,5;0,731;86,89;3615,1
11-02-2025 08:00;Dia;A;1670,1;0,754;87,01;3699,7
11-02-2025 09:00;Dia;A;1669,6;0,866;88,91;3671,7
11-02-2025 10:00;Dia;A;1679,6;0,873;88,18;3656,8
11-02-2025 11:00;Dia;A;1644,7;0,802;86,63;3603,8
11-02-2025 12:00;Dia;A;1697,3;0,858;85,25;3690,9
11-02-2025 13:00;Dia;A;1673,5;0,892;86,37;3631,4
11-02-2025 14:00;Dia;A;1687,8;0,861;85,67;3627,8
11-02-2025 15:00;Dia;A;1639,8;0,834;87,26;3648,0
11-02-2025 16:00;Dia;A;1648,7;0,848;89,44;3637,3
11-02-2025 17:00;Dia;A;1652,1;;86,45;3660,2
11-02-2025 18:00;Dia;A;1616,2;0,855;85,38;3576,3
11-02-2025 19:00;Dia;A;1688,2;0,853;86,68;3688,2
11-02-2025 20:00;Noche;A;1550,4;0,825;88,31;3569,6
11-02-2025 21:00;Noche;A;1594,6;0,796;88,01;3574,8
11-02-2025 22:00;Noche;A;1593,2;0,758;87,64;3550,2
11-02-2025 23:00;Noche;A;1525,2;0,794;87,93;3494,8
12-02-2025 00:00;Noche;A;-999;0,794;87,99;3460,8
12-02-2025 01:00;Noche;A;1498,0;0,803;89,35;3570,4
12-02-2025 02:00;Noche;A;1493,8;0,867;89,27;3463,8
12-02-2025 03:00;Noche;A;1494,7;0,888;86,91;3542,8
12-02-2025 04:00;Noche;A;1486,2;0,923;86,59;3507,2
12-02-2025 05:00;Noche;A;1420,5;0,837;86,65;3457,1
12-02-2025 06:00;Noche;A;1442,1;0,890;86,16;3477,4
12-02-2025 07:00;Noche;A;1378,1;0,869;86,30;3454,9
12-02-2025 08:00;Dia;A;1561,5;0,849;86,11;3608,8
12-02-2025 09:00;Dia;A;1564,4;0,834;85,87;3600,4
12-02-2025 10:00;Dia;A;1567,2;0,917;88,03;3583,0
12-02-2025 11:00;Dia;A;1589,0;0,941;87,94;3546,6
12-02-2025 12:00;Dia;A;1623,9;0,879;86,63;3553,3
12-02-2025 13:00;Dia;A;1575,1;0,820;86,19;3658,8
12-02-2025 14:00;Dia;A;1521,1;0,834;87,14;3516,9
12-02-2025 15:00;Dia;A;1504,7;0,813;90,01;3483,8
12-02-2025 16:00;Dia;A;1446,6;0,891;90,00;3545,7
12-02-2025 17:00;Dia;A;1443,4;0,789;90,51;3443,1
12-02-2025 18:00;Dia;A;1544,2;0,713;89,46;3586,0
12-02-2025 19:00;Dia;A;1505,0;0,739;85,98;3565,7
12-02-2025 20:00;Noche;A;1424,8;0,765;86,91;3487,6
12-02-2025 21:00;Noche;A;1368,2;0,786;85,92;3476,7
12-02-2025 22:00;Noche;A;1395,7;0,828;84,82;3404,0
12-02-2025 23:00;Noche;A;1391,4;0,914;84,79;3406,4
13-02-2025 00:00;Noche;A;1401,4;0,858;87,52;3450,6
13-02-2025 01:00;Noche;A;1438,6;0,825;85,08;3481,1
13-02-2025 02:00;Noche;A;1520,4;0,758;84,48;3530,0
13-02-2025 03:00;Noche;A;1520,8;0,817;86,89;3552,7
13-02-2025 04:00;Noche;A;1523,0;0,883;87,97;3511,6
13-02-2025 05:00;Noche;A;1483,2;0,875;85,52;3437,9
13-02-2025 06:00;Noche;A;1523,1;0,938;86,47;3560,3
13-02-2025 07:00;Noche;A;1521,7;0,924;86,33;3538,9
13-02-2025 08:00;Dia;A;1688,5;0,983;87,13;3684,1
13-02-2025 09:00;Dia;A;1688,3;0,962;88,50;3733,7
13-02-2025 10:00;Dia;A;1763,3;0,885;87,42;3707,5
13-02-2025 11:00;Dia;A;1662,1;0,857;87,26;3664,6
13-02-2025 12:00;Dia;A;1654,7;0,796;89,10;3605,4
13-02-2025 13:00;Dia;A;1695,4;0,748;86,17;3697,5
13-02-2025 14:00;Dia;A;1670,1;0,805;86,71;3659,4
13-02-2025 15:00;Dia;A;1628,0;0,857;88,14;3628,0
13-02-2025 16:00;Dia;A;1613,6;0,929;87,12;3641,4
13-02-2025 17:00;Dia;A;1551,4;0,873;86,59;3523,6
13-02-2025 18:00;Dia;A;1563,3;0,830;85,32;3591,1
13-02-2025 19:00;Dia;A;1666,2;0,765;86,01;3647,9
13-02-2025 20:00;Noche;A;1566,4;0,823;85,96;3625,3
13-02-2025 21:00;Noche;A;1485,5;0,829;87,38;3446,0
13-02-2025 22:00;Noche;A;1434,4;0,791;88,18;3476,4
13-02-2025 23:00;Noche;A;1416,9;0,832;87,79;3549,5
14-02-2025 00:00;Noche;A;1465,2;0,854;86,97;3482,1
14-02-2025 01:00;Noche;A;1428,0;0,762;86,60;3458,3
14-02-2025 02:00;Noche;A;1409,8;0,836;86,90;3531,0
14-02-2025 03:00;Noche;A;1466,8;0,856;85,41;3595,3
14-02-2025 04:00;Noche;A;1513,6;0,848;87,22;3537,5
14-02-2025 05:00;Noche;A;1501,4;0,848;87,36;3501,9
14-02-2025 06:00;Noche;A;1465,3;0,949;88,82;3487,1
14-02-2025 07:00;Noche;A;1423,6;0,998;87,11;3471,8
14-02-2025 08:00;Dia;A;1550,6;1,038;88,95;3536,7
14-02-2025 09:00;Dia;A;1493,1;0,925;90,81;3504,8
14-02-2025 10:00;Dia;A;1575,2;0,883;90,36;3594,3
14-02-2025 11:00;Dia;A;1577,9;0,925;88,07;3592,1
14-02-2025 12:00;Dia;A;1624,3;0,849;87,93;3637,6
14-02-2025 13:00;Dia;A;1714,0;0,822;87,87;3676,1
14-02-2025 14:00;Dia;A;1748,1;0,753;87,85;3649,9
14-02-2025 15:00;Dia;A;1671,4;0,873;88,25;3673,1
14-02-2025 16:00;Dia;A;1693,9;0,897;89,04;3666,2
14-02-2025 17:00;Dia;A;1718,1;0,879;88,09;3647,4
14-02-2025 18:00;Dia;A;1652,1;0,854;88,19;3614,9
14-02-2025 19:00;Dia;A;1590,3;0,810;86,88;3595,6
14-02-2025 20:00;Noche;A;1456,8;0,785;86,97;3500,9
14-02-2025 21:00;Noche;A;1382,5;0,819;88,30;3444,6
14-02-2025 22:00;Noche;A;1455,7;0,780;86,86;3521,5
14-02-2025 23:00;Noche;A;1348,9;0,850;87,89;3465,1
15-02-2025 00:00;Noche;A;1325,5;0,816;86,12;3398,8
15-02-2025 01:00;Noche;A;1346,5;0,787;85,59;3423,2
15-02-2025 02:00;Noche;A;1368,0;0,874;86,08;3397,2
15-02-2025 03:00;Noche;A;1405,3;0,864;87,80;3457,3
15-02-2025 04:00;Noche;A;1442,6;0,896;86,67;3506,9
15-02-2025 05:00;Noche;A;1454,9;0,874;88,22;3531,9
15-02-2025 06:00;Noche;A;1525,1;0,784;85,51;3552,5
15-02-2025 07:00;Noche;A;1443,7;0,862;86,35;3495,7
15-02-2025 08:00;Dia;A;1595,1;0,820;87,71;3569,0
15-02-2025 09:00;Dia;A;1590,1;0,906;89,02;3603,1
15-02-2025 10:00;Dia;A;1622,1;0,832;87,07;3576,1
15-02-2025 11:00;Dia;A;1648,8;0,773;85,63;3639,3
15-02-2025 12:00;Dia;A;1618,9;0,833;87,93;3617,2
15-02-2025 13:00;Dia;A;1604,7;0,865;86,72;3573,4
15-02-2025 14:00;Dia;A;1650,1;0,862;88,10;3646,4
15-02-2025 15:00;Dia;A;1660,9;0,795;87,17;3631,0
15-02-2025 16:00;Dia;A;1620,9;0,847;87,75;3634,1
15-02-2025 17:00;Dia;A;1700,5;0,764;90,17;3640,1
15-02-2025 18:00;Dia;A;1767,2;0,760;90,88;3714,3
15-02-2025 19:00;Dia;A;1655,2;0,741;90,26;3682,1
15-02-2025 20:00;Noche;A;1522,8;0,749;87,22;3545,5
15-02-2025 21:00;Noche;A;1604,7;0,809;87,70;3616,5
15-02-2025 22:00;Noche;A;1593,5;0,778;87,18;3554,4
15-02-2025 23:00;Noche;A;1562,5;0,819;86,97;3544,7
16-02-2025 00:00;Noche;A;1453,5;0,853;88,57;3419,6
16-02-2025 01:00;Noche;A;1413,6;0,769;85,19;3459,9
16-02-2025 02:00;Noche;A;1401,5;0,754;85,84;3417,1
16-02-2025 03:00;Noche;A;1382,8;0,787;86,26;3453,8
16-02-2025 04:00;Noche;A;1428,1;0,802;85,47;3403,3
16-02-2025 05:00;Noche;A;1418,8;0,855;88,33;3445,1
16-02-2025 06:00;Noche;A;1414,2;0,787;85,89;3480,5
16-02-2025 07:00;Noche;A;1382,4;0,872;86,84;3475,4
16-02-2025 08:00;Dia;A;1529,6;0,920;87,55;3493,3
16-02-2025 09:00;Dia;A;1515,9;0,904;85,05;3533,5
16-02-2025 10:00;Dia;A;1535,8;0,838;84,21;3658,7
16-02-2025 11:00;Dia;A;1601,0;0,861;84,71;3634,2
16-02-2025 12:00;Dia;A;1619,3;0,843;87,00;3622,6
16-02-2025 13:00;Dia;A;1635,6;0,877;88,87;3523,7
16-02-2025 14:00;Dia;A;1637,5;0,860;89,34;3591,9
16-02-2025 15:00;Dia;A;1621,8;0,881;89,36;3633,9
16-02-2025 16:00;Dia;A;1597,3;0,835;86,01;3605,7
16-02-2025 17:00;Dia;A;1566,7;0,889;87,36;3592,0
16-02-2025 18:00;Dia;A;1584,2;0,746;86,15;3618,5
16-02-2025 19:00;Dia;A;1516,4;0,723;87,76;3541,3
16-02-2025 20:00;Noche;A;1444,8;0,778;89,26;3522,1
16-02-2025 21:00;Noche;A;1424,8;0,719;90,59;3408,8
16-02-2025 22:00;Noche;A;1376,7;0,790;90,10;3536,8
16-02-2025 23:00;Noche;A;1352,6;0,746;89,34;3416,5
17-02-2025 00:00;Noche;A;1398,9;0,785;86,97;3431,8
17-02-2025 01:00;Noche;A;1419,6;0,768;86,64;3525,0
17-02-2025 02:00;Noche;A;1402,3;0,786;85,00;3482,1
17-02-2025 03:00;Noche;A;1472,0;0,830;86,83;3540,9
17-02-2025 04:00;Noche;A;1448,4;0,847;85,38;3469,5
17-02-2025 05:00;Noche;A;1372,8;0,849;85,71;3459,0
17-02-2025 06:00;Noche;A;1385,1;0,968;85,96;3485,7
17-02-2025 07:00;Noche;A;1344,2;0,939;86,02;3394,7
17-02-2025 08:00;Dia;A;1518,8;0,880;87,03;3540,1
17-02-2025 09:00;Dia;A;1607,4;0,932;87,00;3596,5
17-02-2025 10:00;Dia;A;1656,8;0,953;87,97;3627,2
17-02-2025 11:00;Dia;A;1609,3;0,978;87,20;3583,8
17-02-2025 12:00;Dia;A;1595,7;1,012;89,82;3554,9
17-02-2025 13:00;Dia;A;1688,9;0,903;88,16;3675,2
17-02-2025 14:00;Dia;A;1693,3;0,926;89,72;3669,8
17-02-2025 15:00;Dia;A;1678,9;0,936;91,97;3692,8
17-02-2025 16:00;Dia;A;1707,4;0,884;87,37;3662,5
17-02-2025 17:00;Dia;A;1782,7;0,862;86,36;3683,9
17-02-2025 18:00;Dia;A;1786,3;0,700;85,74;3654,0
17-02-2025 19:00;Dia;A;1736,9;0,718;87,64;3677,4
17-02-2025 20:00;Noche;A;1586,3;0,833;87,30;3566,4
17-02-2025 21:00;Noche;A;1572,9;0,737;87,06;3642,0
17-02-2025 22:00;Noche;A;1511,0;0,743;85,87;3612,1
17-02-2025 23:00;Noche;A;1446,9;0,787;86,90;3544,6
18-02-2025 00:00;Noche;A;1447,8;0,830;85,40;3452,4
18-02-2025 01:00;Noche;A;-999;0,907;87,28;3410,9
18-02-2025 02:00;Noche;A;1422,5;0,803;82,83;3463,2
18-02-2025 03:00;Noche;A;1443,3;0,833;82,09;3453,5
18-02-2025 04:00;Noche;A;1558,0;0,892;86,45;3613,2
18-02-2025 05:00;Noche;A;1514,7;0,832;86,55;3540,7
18-02-2025 06:00;Noche;A;1517,1;0,860;85,77;3525,9
18-02-2025 07:00;Noche;A;1520,7;0,964;89,69;3545,8
18-02-2025 08:00;Dia;A;1671,3;0,996;90,56;3689,3
18-02-2025 09:00;Dia;A;1721,2;0,978;91,03;3640,9
18-02-2025 10:00;Dia;A;1694,3;0,824;88,65;3679,4
18-02-2025 11:00;Dia;A;-999;0,846;89,25;3591,4
18-02-2025 12:00;Dia;A;1596,2;0,877;89,63;3594,3
18-02-2025 13:00;Dia;A;1575,6;0,857;87,00;3564,3
18-02-2025 14:00;Dia;A;1617,6;0,850;88,22;3625,4
18-02-2025 15:00;Dia;A;1623,8;0,982;88,79;3621,4
18-02-2025 16:00;Dia;A;1579,1;0,900;89,92;3630,0
18-02-2025 17:00;Dia;A;1567,8;0,816;90,35;3601,0
18-02-2025 18:00;Dia;A;1572,0;0,821;88,47;3552,5
18-02-2025 19:00;Dia;A;1591,5;0,796;87,14;3534,7
18-02-2025 20:00;Noche;A;1437,4;0,782;87,23;3455,2
18-02-2025 21:00;Noche;A;1424,8;0,785;87,82;3459,3
18-02-2025 22:00;Noche;A;1349,3;0,828;87,04;3418,0
18-02-2025 23:00;Noche;A;1321,8;0,832;86,73;3380,0
19-02-2025 00:00;Noche;A;1419,7;0,775;87,02;3508,7
19-02-2025 01:00;Noche;A;1336,5;0,797;87,28;3452,1
19-02-2025 02:00;Noche;A;1356,0;0,843;88,53;3420,5
19-02-2025 03:00;Noche;A;1398,6;0,832;87,94;3440,5
19-02-2025 04:00;Noche;A;1410,4;0,905;86,73;3459,9
19-02-2025 05:00;Noche;A;1405,8;0,933;84,90;3467,1
19-02-2025 06:00;Noche;A;1438,0;0,873;86,57;3491,0
19-02-2025 07:00;Noche;A;1468,1;0,901;86,64;3453,4
19-02-2025 08:00;Dia;A;1610,0;0,992;87,21;3588,5
19-02-2025 09:00;Dia;A;1552,5;1,022;87,56;3501,5
19-02-2025 10:00;Dia;A;1582,2;0,963;85,82;3592,9
19-02-2025 11:00;Dia;A;1573,7;0,969;86,55;3612,6
19-02-2025 12:00;Dia;A;1577,9;0,897;83,86;3551,1
19-02-2025 13:00;Dia;A;1610,4;0,816;84,75;3616,4
19-02-2025 14:00;Dia;A;1648,1;0,855;85,21;3609,6
19-02-2025 15:00;Dia;A;1682,4;0,857;88,69;3626,0
19-02-2025 16:00;Dia;A;1644,9;0,864;89,06;3699,1
19-02-2025 17:00;Dia;A;1671,6;0,839;88,23;3672,9
19-02-2025 18:00;Dia;A;1697,9;0,837;88,19;3670,9
19-02-2025 19:00;Dia;A;1712,5;0,796;88,54;3642,7
19-02-2025 20:00;Noche;A;1611,4;0,817;87,10;3608,6
19-02-2025 21:00;Noche;A;1559,8;0,846;86,90;3551,6
19-02-2025 22:00;Noche;A;1519,6;0,824;86,30;3548,9
19-02-2025 23:00;Noche;A;1532,5;0,856;89,63;3505,3
20-02-2025 00:00;Noche;A;1452,4;0,762;87,93;3486,1
20-02-2025 01:00;Noche;A;1461,8;0,761;84,71;3480,2
20-02-2025 02:00;Noche;A;1441,8;0,867;86,81;3431,2
20-02-2025 03:00;Noche;A;1438,3;0,946;90,38;3546,3
20-02-2025 04:00;Noche;A;1382,8;0,927;87,82;3481,9
20-02-2025 05:00;Noche;A;1381,6;0,905;91,74;3424,3
20-02-2025 06:00;Noche;A;1421,6;0,845;89,52;3427,0
20-02-2025 07:00;Noche;A;1493,3;0,887;90,07;3502,1
20-02-2025 08:00;Dia;A;1674,0;0,930;88,66;3612,9
20-02-2025 09:00;Dia;A;1675,9;0,851;87,65;3625,1
20-02-2025 10:00;Dia;A;1673,0;0,896;86,49;3591,6
20-02-2025 11:00;Dia;A;1642,8;0,914;86,03;3599,5
20-02-2025 12:00;Dia;A;1669,7;0,917;84,41;3649,8
20-02-2025 13:00;Dia;A;1659,4;0,842;87,05;3655,9
20-02-2025 14:00;Dia;A;1683,3;0,869;86,26;3580,5
20-02-2025 15:00;Dia;A;1744,8;0,786;87,03;3690,3
20-02-2025 16:00;Dia;A;1711,1;0,869;88,20;3630,3
20-02-2025 17:00;Dia;A;1619,6;0,849;87,21;3568,6
20-02-2025 18:00;Dia;A;1573,4;0,775;87,03;3563,8
20-02-2025 19:00;Dia;A;1510,2;0,846;87,34;3507,8
20-02-2025 20:00;Noche;A;1351,1;0,875;86,86;3457,8
20-02-2025 21:00;Noche;A;1425,4;;86,67;3501,5
20-02-2025 22:00;Noche;A;1435,7;0,907;87,27;3468,5
20-02-2025 23:00;Noche;A;1371,1;0,819;85,37;3414,6
21-02-2025 00:00;Noche;A;1416,2;0,836;84,25;3532,9
21-02-2025 01:00;Noche;A;1478,8;0,890;84,37;3575,0
21-02-2025 02:00;Noche;A;1461,8;0,771;84,72;3510,4
21-02-2025 03:00;Noche;A;1440,3;0,858;87,47;3478,9
21-02-2025 04:00;Noche;A;1443,3;0,865;88,99;3526,6
21-02-2025 05:00;Noche;A;1476,4;0,875;88,58;3566,5
21-02-2025 06:00;Noche;A;1520,4;0,837;88,93;3523,2
21-02-2025 07:00;Noche;A;1579,8;0,882;88,62;3650,1
21-02-2025 08:00;Dia;A;1748,2;0,842;89,33;3684,1
21-02-2025 09:00;Dia;A;1784,8;0,825;88,69;3755,9
21-02-2025 10:00;Dia;A;1819,8;0,837;88,85;3719,5
21-02-2025 11:00;Dia;A;1815,6;0,804;87,93;3739,9
21-02-2025 12:00;Dia;A;1718,1;0,907;88,51;3660,4
21-02-2025 13:00;Dia;A;1700,6;0,827;90,40;3667,0
21-02-2025 14:00;Dia;A;1702,0;0,803;87,84;3703,8
21-02-2025 15:00;Dia;A;1669,1;0,803;87,85;3609,9
21-02-2025 16:00;Dia;A;1694,0;0,811;87,14;3645,2
21-02-2025 17:00;Dia;A;1654,6;0,846;88,74;3649,4
21-02-2025 18:00;Dia;A;1596,9;0,863;90,66;3572,7
21-02-2025 19:00;Dia;A;1649,7;0,820;88,77;3696,0
21-02-2025 20:00;Noche;A;1534,0;0,792;84,48;3490,4
21-02-2025 21:00;Noche;A;1517,0;0,796;86,14;3627,2
21-02-2025 22:00;Noche;A;1533,8;0,837;87,28;3516,0
21-02-2025 23:00;Noche;A;1553,1;0,857;85,02;3587,9
22-02-2025 00:00;Noche;A;1539,6;0,819;85,09;3603,2
22-02-2025 01:00;Noche;A;1415,2;0,735;84,96;3485,9
22-02-2025 02:00;Noche;A;1400,8;0,884;83,29;3405,4
22-02-2025 03:00;Noche;A;1403,9;0,919;85,68;3449,5
22-02-2025 04:00;Noche;A;1388,8;0,913;86,71;3457,7
22-02-2025 05:00;Noche;A;1431,9;0,918;87,19;3506,0
22-02-2025 06:00;Noche;A;1510,3;0,885;85,74;3573,4
22-02-2025 07:00;Noche;A;1502,2;0,848;85,28;3576,8
22-02-2025 08:00;Dia;A;1591,4;0,859;85,39;3648,1
22-02-2025 09:00;Dia;A;1702,6;0,868;86,95;3628,4
22-02-2025 10:00;Dia;A;1682,0;0,853;86,02;3690,6
22-02-2025 11:00;Dia;A;1632,7;0,803;88,33;3558,5
22-02-2025 12:00;Dia;A;1655,3;0,821;88,71;3643,9
22-02-2025 13:00;Dia;A;1676,8;0,866;85,98;3611,1
22-02-2025 14:00;Dia;A;1641,3;0,836;88,81;3561,2
22-02-2025 15:00;Dia;A;1673,0;0,836;88,70;3680,3
22-02-2025 16:00;Dia;A;1638,2;0,736;87,11;3620,6
22-02-2025 17:00;Dia;A;1589,1;0,760;87,41;3625,6
22-02-2025 18:00;Dia;A;1594,2;0,773;85,10;3528,9
22-02-2025 19:00;Dia;A;1619,4;0,729;85,82;3555,1
22-02-2025 20:00;Noche;A;1456,7;0,681;82,74;3493,5
22-02-2025 21:00;Noche;A;1463,7;0,752;83,18;3474,0
22-02-2025 22:00;Noche;A;1451,0;0,739;85,98;3492,0
22-02-2025 23:00;Noche;A;1565,0;0,794;87,86;3535,3
23-02-2025 00:00;Noche;A;1434,5;0,789;86,70;3464,7
23-02-2025 01:00;Noche;A;1480,2;0,839;85,52;3463,2
23-02-2025 02:00;Noche;A;1458,3;0,829;86,94;3542,1
23-02-2025 03:00;Noche;A;1443,3;0,778;86,31;3474,4
23-02-2025 04:00;Noche;A;1472,6;0,819;86,74;3462,5
23-02-2025 05:00;Noche;A;1506,5;0,836;87,53;3556,6
23-02-2025 06:00;Noche;A;1551,8;0,894;86,24;3580,4
23-02-2025 07:00;Noche;A;1550,0;0,878;87,59;3572,3
23-02-2025 08:00;Dia;A;1632,2;0,872;84,88;3626,4
23-02-2025 09:00;Dia;A;1607,9;0,924;88,15;3590,6
23-02-2025 10:00;Dia;A;1633,9;0,964;86,46;3618,5
23-02-2025 11:00;Dia;A;1655,3;0,964;86,54;3554,5
23-02-2025 12:00;Dia;A;1703,5;0,971;86,63;3609,5
23-02-2025 13:00;Dia;A;1695,1;0,942;88,26;3616,3
23-02-2025 14:00;Dia;A;1711,8;0,935;89,32;3682,5
23-02-2025 15:00;Dia;A;1738,8;0,929;89,45;3732,6
23-02-2025 16:00;Dia;A;1697,4;0,899;89,55;3652,3
23-02-2025 17:00;Dia;A;1592,4;0,862;89,34;3580,4
23-02-2025 18:00;Dia;A;1522,2;0,841;88,47;3586,3
23-02-2025 19:00;Dia;A;-999;0,930;86,16;3485,4
23-02-2025 20:00;Noche;A;1409,5;0,870;83,51;3492,6
23-02-2025 21:00;Noche;A;1361,3;0,827;81,80;3451,9
23-02-2025 22:00;Noche;A;1412,4;0,800;83,49;3415,3
23-02-2025 23:00;Noche;A;1424,6;0,804;84,34;3483,6
24-02-2025 00:00;Noche;A;1553,5;0,824;85,00;3558,9
24-02-2025 01:00;Noche;A;1571,0;0,779;85,49;3519,1
24-02-2025 02:00;Noche;A;1541,7;0,723;85,02;3506,5
24-02-2025 03:00;Noche;A;1520,3;0,800;84,48;3486,1
24-02-2025 04:00;Noche;A;1521,1;;83,06;3588,9
24-02-2025 05:00;Noche;A;1530,2;0,832;82,33;3625,4
24-02-2025 06:00;Noche;A;1511,6;0,868;85,83;3564,0
24-02-2025 07:00;Noche;A;1522,2;0,936;87,91;3606,2
24-02-2025 08:00;Dia;A;1721,7;0,997;86,55;3622,6
24-02-2025 09:00;Dia;A;1643,6;0,971;86,79;3680,7
24-02-2025 10:00;Dia;A;1667,7;0,912;87,66;3718,9
24-02-2025 11:00;Dia;A;1635,7;0,848;89,52;3686,8
24-02-2025 12:00;Dia;A;1655,4;0,825;88,03;3602,9
24-02-2025 13:00;Dia;A;1694,3;0,844;88,33;3703,1
24-02-2025 14:00;Dia;A;1681,7;0,753;89,13;3648,8
24-02-2025 15:00;Dia;A;1702,5;0,793;86,53;3704,8
24-02-2025 16:00;Dia;A;1614,0;0,805;86,11;3582,5
24-02-2025 17:00;Dia;A;-999;0,836;86,81;3630,5
24-02-2025 18:00;Dia;A;1611,8;0,806;86,00;3577,8
24-02-2025 19:00;Dia;A;1626,4;0,806;89,09;3623,3
24-02-2025 20:00;Noche;A;1496,2;0,768;89,06;3517,9
24-02-2025 21:00;Noche;A;1370,9;0,761;88,20;3483,6
24-02-2025 22:00;Noche;A;1353,6;0,700;85,81;3460,1
24-02-2025 23:00;Noche;A;1382,6;0,757;87,16;3461,5
25-02-2025 00:00;Noche;A;1462,7;0,857;88,01;3493,6
25-02-2025 01:00;Noche;A;1472,9;0,855;86,69;3490,3
25-02-2025 02:00;Noche;A;1483,3;0,870;86,09;3509,5
25-02-2025 03:00;Noche;A;1425,6;0,824;84,13;3503,9
25-02-2025 04:00;Noche;A;1506,6;0,913;85,44;3533,1
25-02-2025 05:00;Noche;A;1587,9;0,868;86,88;3592,5
25-02-2025 06:00;Noche;A;1578,4;0,918;88,45;3577,3
25-02-2025 07:00;Noche;A;1564,4;0,916;88,76;3570,3
25-02-2025 08:00;Dia;A;1617,8;0,868;89,07;3584,0
25-02-2025 09:00;Dia;A;1674,3;0,929;88,11;3575,6
25-02-2025 10:00;Dia;A;1793,3;0,915;87,47;3744,0
25-02-2025 11:00;Dia;A;1798,1;0,911;89,27;3747,7
25-02-2025 12:00;Dia;A;1822,4;0,915;89,50;3705,3
25-02-2025 13:00;Dia;A;1807,1;0,890;87,94;3804,5
25-02-2025 14:00;Dia;A;1727,4;0,854;88,50;3637,3
25-02-2025 15:00;Dia;A;1760,4;0,866;89,43;3737,8
25-02-2025 16:00;Dia;A;1672,4;0,828;89,52;3652,6
25-02-2025 17:00;Dia;A;1644,7;0,823;88,87;3634,9
25-02-2025 18:00;Dia;A;1640,2;0,783;87,39;3660,1
25-02-2025 19:00;Dia;A;1658,6;0,722;87,34;3660,3
25-02-2025 20:00;Noche;A;1530,2;0,725;89,08;3543,8
25-02-2025 21:00;Noche;A;1521,3;0,736;88,14;3494,7
25-02-2025 22:00;Noche;A;1466,1;0,767;86,63;3452,5
25-02-2025 23:00;Noche;A;1403,7;0,841;87,24;3466,0
26-02-2025 00:00;Noche;A;1415,8;0,757;84,81;3525,8
26-02-2025 01:00;Noche;A;1395,8;0,799;85,72;3487,2
26-02-2025 02:00;Noche;A;1359,8;0,723;84,99;3431,6
26-02-2025 03:00;Noche;A;1339,1;0,740;86,52;3434,4
26-02-2025 04:00;Noche;A;1361,1;0,780;86,59;3463,9
26-02-2025 05:00;Noche;A;1325,0;0,728;87,42;3483,7
26-02-2025 06:00;Noche;A;1323,5;0,721;89,71;3391,9
26-02-2025 07:00;Noche;A;1313,8;0,810;88,58;3445,3
26-02-2025 08:00;Dia;A;1505,4;0,856;87,18;3550,1
26-02-2025 09:00;Dia;A;1570,1;0,872;87,98;3553,3
26-02-2025 10:00;Dia;A;1686,0;0,846;87,65;3617,3
26-02-2025 11:00;Dia;A;1624,6;0,962;88,59;3667,1
26-02-2025 12:00;Dia;A;1610,7;0,916;87,58;3623,3
26-02-2025 13:00;Dia;A;1663,9;0,853;88,24;3635,4
26-02-2025 14:00;Dia;A;1652,2;0,926;88,70;3638,7
26-02-2025 15:00;Dia;A;1634,2;0,913;85,82;3659,1
26-02-2025 16:00;Dia;A;1701,4;0,855;86,15;3664,6
26-02-2025 17:00;Dia;A;1661,1;0,888;87,41;3694,0
26-02-2025 18:00;Dia;A;1592,2;0,857;88,83;3577,5
26-02-2025 19:00;Dia;A;1530,2;0,859;87,53;3516,1
26-02-2025 20:00;Noche;A;1430,6;0,841;86,26;3476,9
26-02-2025 21:00;Noche;A;1443,1;0,775;87,51;3450,9
26-02-2025 22:00;Noche;A;1381,9;0,832;86,56;3433,3
26-02-2025 23:00;Noche;A;1353,3;0,830;86,60;3474,1
27-02-2025 00:00;Noche;A;1397,9;0,782;86,74;3519,6
27-02-2025 01:00;Noche;A;1436,5;0,773;87,25;3503,1
27-02-2025 02:00;Noche;A;1418,2;0,851;87,14;3476,6
27-02-2025 03:00;Noche;A;1462,2;0,841;85,36;3463,8
27-02-2025 04:00;Noche;A;1498,0;0,860;87,13;3485,0
27-02-2025 05:00;Noche;A;1430,6;0,903;86,65;3498,1
27-02-2025 06:00;Noche;A;1446,2;0,907;86,19;3503,2
27-02-2025 07:00;Noche;A;-999;0,836;88,73;3506,3
27-02-2025 08:00;Dia;A;1607,4;0,896;89,54;3585,8
27-02-2025 09:00;Dia;A;1539,6;0,941;87,76;3622,3
27-02-2025 10:00;Dia;A;1566,9;0,960;87,45;3619,6
27-02-2025 11:00;Dia;A;1629,8;1,000;87,80;3624,3
27-02-2025 12:00;Dia;A;1709,5;0,960;87,05;3680,8
27-02-2025 13:00;Dia;A;1607,7;0,951;85,26;3657,0
27-02-2025 14:00;Dia;A;1728,9;0,976;87,76;3696,2
27-02-2025 15:00;Dia;A;1658,2;0,899;88,66;3645,8
27-02-2025 16:00;Dia;A;1687,8;0,942;89,02;3593,0
27-02-2025 17:00;Dia;A;1716,9;0,961;88,33;3603,8
27-02-2025 18:00;Dia;A;1723,9;0,925;88,31;3596,6
27-02-2025 19:00;Dia;A;1690,7;0,950;89,03;3559,8
27-02-2025 20:00;Noche;A;1488,0;0,919;86,99;3516,3
27-02-2025 21:00;Noche;A;1499,7;0,825;86,11;3534,1
27-02-2025 22:00;Noche;A;1451,9;0,867;85,81;3456,9
27-02-2025 23:00;Noche;A;1341,2;0,857;86,91;3436,9
28-02-2025 00:00;Noche;A;1485,3;0,861;87,03;3525,9
28-02-2025 01:00;Noche;A;1507,5;0,857;85,10;3520,3
28-02-2025 02:00;Noche;A;1574,8;0,916;85,15;3510,3
28-02-2025 03:00;Noche;A;1515,3;0,918;87,98;3586,0
28-02-2025 04:00;Noche;A;1575,4;0,869;86,00;3623,2
28-02-2025 05:00;Noche;A;1630,4;0,900;86,64;3586,0
28-02-2025 06:00;Noche;A;1674,4;0,932;86,21;3712,0
28-02-2025 07:00;Noche;A;1644,8;0,886;87,99;3624,8
28-02-2025 08:00;Dia;A;1695,6;0,875;87,61;3627,7
28-02-2025 09:00;Dia;A;1688,2;0,870;87,02;3639,8
28-02-2025 10:00;Dia;A;1597,7;0,854;85,76;3530,8
28-02-2025 11:00;Dia;A;1549,9;0,885;86,47;3559,4
28-02-2025 12:00;Dia;A;1587,1;0,927;88,42;3535,4
28-02-2025 13:00;Dia;A;1566,2;0,983;89,61;3625,8
28-02-2025 14:00;Dia;A;1581,2;0,976;87,60;3603,1
28-02-2025 15:00;Dia;A;1590,1;0,958;89,88;3541,8
28-02-2025 16:00;Dia;A;1677,7;0,948;88,95;3668,1
28-02-2025 17:00;Dia;A;1712,0;0,946;87,36;3599,6
28-02-2025 18:00;Dia;A;1677,1;0,864;87,31;3645,9
28-02-2025 19:00;Dia;A;1700,0;0,865;86,56;3669,2
28-02-2025 20:00;Noche;A;1511,1;0,848;85,96;3533,6
28-02-2025 21:00;Noche;A;1476,6;0,820;85,33;3464,4
28-02-2025 22:00;Noche;A;1502,8;0,792;85,48;3517,3
28-02-2025 23:00;Noche;A;1433,2;0,779;85,02;3470,2
01-03-2025 00:00;Noche;A;1423,7;0,787;83,27;3473,2
01-03-2025 01:00;Noche;A;1376,1;0,754;84,75;3498,2
01-03-2025 02:00;Noche;A;1404,9;0,822;84,85;3525,1
01-03-2025 03:00;Noche;A;1494,7;0,841;86,94;3578,4
01-03-2025 04:00;Noche;A;1466,8;0,863;87,48;3479,5
01-03-2025 05:00;Noche;A;1491,6;0,890;88,06;3493,4
01-03-2025 06:00;Noche;A;1467,4;0,926;88,06;3510,8
01-03-2025 07:00;Noche;A;-999;0,889;89,18;3513,9
01-03-2025 08:00;Dia;A;1542,2;0,891;88,08;3484,1
01-03-2025 09:00;Dia;A;1641,7;0,824;86,27;3603,2
01-03-2025 10:00;Dia;A;1754,6;0,756;86,76;3766,4
01-03-2025 11:00;Dia;A;1759,3;0,728;83,40;3655,3
01-03-2025 12:00;Dia;A;1710,2;0,864;85,26;3644,4
01-03-2025 13:00;Dia;A;1729,8;0,781;86,15;3657,4
01-03-2025 14:00;Dia;A;1696,8;0,832;86,51;3681,1
01-03-2025 15:00;Dia;A;1715,1;0,900;88,99;3669,5
01-03-2025 16:00;Dia;A;1702,5;0,844;89,18;3649,4
01-03-2025 17:00;Dia;A;1687,9;0,902;89,04;3592,0
01-03-2025 18:00;Dia;A;1686,4;0,940;88,27;3668,9
01-03-2025 19:00;Dia;A;1631,9;0,918;89,30;3608,9
01-03-2025 20:00;Noche;A;1475,8;0,970;88,01;3483,8
01-03-2025 21:00;Noche;A;1391,9;0,920;86,99;3455,6
01-03-2025 22:00;Noche;A;1382,6;0,835;87,40;3476,9
01-03-2025 23:00;Noche;A;1335,5;0,849;87,78;3360,4
02-03-2025 00:00;Noche;A;1286,1;0,818;89,50;3326,5
02-03-2025 01:00;Noche;A;1270,6;0,768;87,53;3337,4
02-03-2025 02:00;Noche;A;1307,6;0,749;84,34;3367,2
02-03-2025 03:00;Noche;A;1354,8;0,906;86,61;3315,6
02-03-2025 04:00;Noche;A;1316,3;0,869;87,98;3387,2
02-03-2025 05:00;Noche;A;1317,6;0,878;87,27;3456,1
02-03-2025 06:00;Noche;A;1317,4;0,857;88,92;3404,3
02-03-2025 07:00;Noche;A;1391,8;0,884;90,50;3504,7
02-03-2025 08:00;Dia;A;1610,5;0,883;88,41;3495,2
02-03-2025 09:00;Dia;A;1650,1;0,874;87,42;3627,3
02-03-2025 10:00;Dia;A;1629,5;0,830;85,73;3673,5
02-03-2025 11:00;Dia;A;1689,3;0,792;86,94;3718,7
02-03-2025 12:00;Dia;A;1606,7;0,797;88,09;3589,2
02-03-2025 13:00;Dia;A;1668,0;0,840;88,91;3614,4
02-03-2025 14:00;Dia;A;1619,4;0,938;87,56;3629,1
02-03-2025 15:00;Dia;A;1489,1;0,939;86,97;3485,5
02-03-2025 16:00;Dia;A;1614,7;0,969;85,92;3593,3
02-03-2025 17:00;Dia;A;1659,1;0,920;84,60;3568,2
02-03-2025 18:00;Dia;A;1578,5;0,864;83,89;3581,8
02-03-2025 19:00;Dia;A;1564,9;0,775;82,76;3567,3
02-03-2025 20:00;Noche;A;1416,0;0,785;84,10;3533,9
02-03-2025 21:00;Noche;A;1406,2;0,695;84,99;3477,0
02-03-2025 22:00;Noche;A;1332,1;0,731;86,23;3390,4
02-03-2025 23:00;Noche;A;1311,2;0,842;86,63;3397,8
03-03-2025 00:00;Noche;A;1416,1;0,850;85,66;3417,0
03-03-2025 01:00;Noche;A;1435,3;0,896;86,12;3479,6
03-03-2025 02:00;Noche;A;1494,7;0,860;86,73;3508,2
03-03-2025 03:00;Noche;A;1496,9;0,801;85,82;3535,6
03-03-2025 04:00;Noche;A;1598,7;0,816;86,05;3620,7
03-03-2025 05:00;Noche;A;1551,0;0,832;85,85;3482,4
03-03-2025 06:00;Noche;A;1560,5;0,917;85,99;3580,0
03-03-2025 07:00;Noche;A;1479,8;1,001;87,05;3548,7
03-03-2025 08:00;Dia;A;1569,8;0,925;85,61;3533,6
03-03-2025 09:00;Dia;A;1657,1;0,899;87,63;3708,2
03-03-2025 10:00;Dia;A;1627,4;0,892;85,74;3591,9
03-03-2025 11:00;Dia;A;1665,9;0,875;87,11;3738,2
03-03-2025 12:00;Dia;A;1667,7;0,821;85,45;3675,8
03-03-2025 13:00;Dia;A;1624,4;0,845;88,38;3655,6
03-03-2025 14:00;Dia;A;1617,2;0,864;89,37;3623,3
03-03-2025 15:00;Dia;A;1600,1;0,869;87,83;3639,0
03-03-2025 16:00;Dia;A;1583,7;0,794;86,85;3548,4
03-03-2025 17:00;Dia;A;1618,7;0,797;85,64;3576,0
03-03-2025 18:00;Dia;A;1636,4;0,722;85,70;3539,9
03-03-2025 19:00;Dia;A;1594,5;0,798;86,95;3606,2
03-03-2025 20:00;Noche;A;1426,7;0,752;89,71;3451,5
03-03-2025 21:00;Noche;A;1439,3;0,762;86,65;3512,5
03-03-2025 22:00;Noche;A;1432,5;0,762;87,91;3500,5
03-03-2025 23:00;Noche;A;1475,8;0,760;86,34;3452,4
04-03-2025 00:00;Noche;A;1579,0;0,742;86,30;3593,7
04-03-2025 01:00;Noche;A;1583,5;0,707;86,85;3580,0
04-03-2025 02:00;Noche;A;1554,0;0,851;87,75;3560,8
04-03-2025 03:00;Noche;A;1530,8;0,871;87,76;3558,2
04-03-2025 04:00;Noche;A;1489,5;0,888;87,08;3516,5
04-03-2025 05:00;Noche;A;1461,1;0,984;87,49;3503,3
04-03-2025 06:00;Noche;A;1440,1;0,942;87,41;3533,0
04-03-2025 07:00;Noche;A;1453,4;0,951;88,94;3466,3
04-03-2025 08:00;Dia;A;1584,6;0,932;86,52;3542,7
04-03-2025 09:00;Dia;A;1643,7;0,973;86,68;3598,6
04-03-2025 10:00;Dia;A;1640,2;0,963;85,72;3666,7
04-03-2025 11:00;Dia;A;1644,9;0,944;85,48;3619,2
04-03-2025 12:00;Dia;A;1603,4;0,903;85,42;3679,0
04-03-2025 13:00;Dia;A;1689,2;0,899;87,87;3541,5
04-03-2025 14:00;Dia;A;1701,7;0,930;90,84;3638,2
04-03-2025 15:00;Dia;A;2728,4;0,795;90,70;3682,8
04-03-2025 16:00;Dia;A;2724,4;0,802;87,97;3706,1
04-03-2025 17:00;Dia;A;1780,1;0,789;87,71;3757,7
04-03-2025 18:00;Dia;A;1719,7;0,783;86,00;3659,1
04-03-2025 19:00;Dia;A;1711,3;0,702;86,37;3619,2
04-03-2025 20:00;Noche;A;1666,0;0,778;88,27;3658,8
04-03-2025 21:00;Noche;A;1555,6;0,750;88,03;3615,0
04-03-2025 22:00;Noche;A;1573,3;0,766;88,35;3467,7
04-03-2025 23:00;Noche;A;1609,6;0,766;87,15;3608,4
05-03-2025 00:00;Noche;A;1585,5;0,718;83,85;3582,3
05-03-2025 01:00;Noche;A;1585,1;0,753;82,21;3539,4
05-03-2025 02:00;Noche;A;1610,5;0,716;83,19;3570,0
05-03-2025 03:00;Noche;A;1552,2;0,743;84,93;3564,9
05-03-2025 04:00;Noche;A;1559,1;0,791;87,07;3561,7
05-03-2025 05:00;Noche;A;1514,1;0,837;86,52;3526,2
05-03-2025 06:00;Noche;A;1492,9;0,868;86,81;3481,2
05-03-2025 07:00;Noche;A;1483,1;0,879;87,25;3533,5
05-03-2025 08:00;Dia;A;1618,7;0,988;89,22;3584,3
05-03-2025 09:00;Dia;A;1644,3;0,971;88,60;3631,2
05-03-2025 10:00;Dia;A;1676,9;0,884;86,59;3627,7
05-03-2025 11:00;Dia;A;1619,8;0,859;88,30;3623,4
05-03-2025 12:00;Dia;A;1720,8;0,838;88,51;3707,4
05-03-2025 13:00;Dia;A;1757,9;0,843;88,73;3710,4
05-03-2025 14:00;Dia;A;1763,2;0,820;86,67;3728,6
05-03-2025 15:00;Dia;A;1715,9;0,789;86,88;3619,5
05-03-2025 16:00;Dia;A;1687,1;0,879;85,50;3669,6
05-03-2025 17:00;Dia;A;1688,2;0,852;83,76;3660,8
05-03-2025 18:00;Dia;A;1678,9;0,816;84,70;3617,0
05-03-2025 19:00;Dia;A;1578,4;0,797;84,96;3569,2
05-03-2025 20:00;Noche;A;1484,5;0,788;86,26;3407,8
05-03-2025 21:00;Noche;A;1596,4;0,857;88,48;3584,2
05-03-2025 22:00;Noche;A;1475,0;0,856;87,65;3488,4
05-03-2025 23:00;Noche;A;1507,4;0,889;89,53;3436,6
06-03-2025 00:00;Noche;A;1507,0;0,721;86,55;3541,5
06-03-2025 01:00;Noche;A;1489,3;0,790;87,41;3487,4
06-03-2025 02:00;Noche;A;1544,0;0,867;85,65;3557,3
06-03-2025 03:00;Noche;A;1479,6;0,957;86,58;3499,6
06-03-2025 04:00;Noche;A;1494,1;0,925;86,13;3538,6
06-03-2025 05:00;Noche;A;1565,8;0,833;85,62;3570,8
06-03-2025 06:00;Noche;A;1552,2;0,890;87,05;3551,3
06-03-2025 07:00;Noche;A;1536,1;0,871;84,62;3574,1
06-03-2025 08:00;Dia;A;1669,6;0,807;85,41;3672,7
06-03-2025 09:00;Dia;A;1657,0;0,823;85,16;3549,4
06-03-2025 10:00;Dia;A;1733,7;0,905;86,68;3686,1
06-03-2025 11:00;Dia;A;1684,2;0,953;87,98;3633,0
06-03-2025 12:00;Dia;A;1721,7;0,952;87,70;3637,2
06-03-2025 13:00;Dia;A;1654,8;0,866;87,04;3687,1
06-03-2025 14:00;Dia;A;1683,5;0,973;86,64;3690,5
06-03-2025 15:00;Dia;A;1667,0;0,860;87,41;3602,5
06-03-2025 16:00;Dia;A;1542,8;0,840;86,62;3519,8
06-03-2025 17:00;Dia;A;1556,2;0,763;87,06;3598,9
06-03-2025 18:00;Dia;A;1516,1;0,842;85,69;3515,9
06-03-2025 19:00;Dia;A;1509,4;0,843;87,95;3520,1
06-03-2025 20:00;Noche;A;1467,4;0,864;86,38;3428,5
06-03-2025 21:00;Noche;A;1409,7;0,840;87,82;3460,2
06-03-2025 22:00;Noche;A;1368,8;0,822;86,60;3481,2
06-03-2025 23:00;Noche;A;1447,1;0,828;87,12;3467,8
07-03-2025 00:00;Noche;A;1450,9;0,743;85,99;3482,9
07-03-2025 01:00;Noche;A;1518,6;0,832;87,15;3596,1
07-03-2025 02:00;Noche;A;1520,9;0,884;87,00;3565,7
07-03-2025 03:00;Noche;A;1475,1;0,860;88,16;3560,0
07-03-2025 04:00;Noche;A;1480,9;0,870;88,30;3535,9
07-03-2025 05:00;Noche;A;1545,9;0,894;88,58;3600,7
07-03-2025 06:00;Noche;A;1586,4;0,968;90,40;3520,1
07-03-2025 07:00;Noche;A;1579,8;0,960;88,35;3551,1
07-03-2025 08:00;Dia;A;1699,5;0,939;89,57;3596,5
07-03-2025 09:00;Dia;A;1693,8;0,901;88,74;3742,9
07-03-2025 10:00;Dia;A;1669,6;0,833;86,14;3652,2
07-03-2025 11:00;Dia;A;1758,7;0,833;87,30;3697,0
07-03-2025 12:00;Dia;A;-999;0,857;87,35;3662,0
07-03-2025 13:00;Dia;A;1673,9;0,850;89,61;3610,6
07-03-2025 14:00;Dia;A;1648,4;0,855;88,34;3525,5
07-03-2025 15:00;Dia;A;1676,5;0,881;88,36;3733,0
07-03-2025 16:00;Dia;A;-999;0,876;88,44;3649,9
07-03-2025 17:00;Dia;A;1660,3;0,861;85,71;3634,6
07-03-2025 18:00;Dia;A;1611,4;0,866;87,05;3545,3
07-03-2025 19:00;Dia;A;1601,1;0,845;85,78;3587,0
07-03-2025 20:00;Noche;A;1397,5;0,824;87,82;3474,5
07-03-2025 21:00;Noche;A;1349,3;0,835;89,42;3424,7
07-03-2025 22:00;Noche;A;1403,8;0,745;87,65;3483,2
07-03-2025 23:00;Noche;A;1390,5;0,834;85,44;3418,3
08-03-2025 00:00;Noche;A;1419,7;0,774;85,54;3480,2
08-03-2025 01:00;Noche;A;1481,2;0,842;86,21;3540,4
08-03-2025 02:00;Noche;A;1506,9;0,849;87,07;3544,9
08-03-2025 03:00;Noche;A;1503,7;0,909;86,68;3538,0
08-03-2025 04:00;Noche;A;1597,0;0,899;85,12;3579,9
08-03-2025 05:00;Noche;A;1608,8;0,854;85,31;3556,5
08-03-2025 06:00;Noche;A;1577,7;0,925;85,12;3598,9
08-03-2025 07:00;Noche;A;-999;0,925;88,16;3582,9
08-03-2025 08:00;Dia;A;1733,8;0,923;87,02;3644,7
08-03-2025 09:00;Dia;A;1687,4;0,920;86,48;3683,5
08-03-2025 10:00;Dia;A;1692,9;0,956;87,21;3598,6
08-03-2025 11:00;Dia;A;1685,7;0,964;86,17;3635,2
08-03-2025 12:00;Dia;A;1600,3;0,937;86,38;3633,3
08-03-2025 13:00;Dia;A;1610,4;0,836;86,41;3645,7
08-03-2025 14:00;Dia;A;1609,1;0,826;86,29;3593,5
08-03-2025 15:00;Dia;A;1596,8;0,837;86,60;3600,6
08-03-2025 16:00;Dia;A;1530,6;0,913;88,99;3575,3
08-03-2025 17:00;Dia;A;1532,0;0,886;88,94;3550,0
08-03-2025 18:00;Dia;A;1542,4;0,847;86,51;3526,6
08-03-2025 19:00;Dia;A;1552,7;0,880;86,42;3575,8
08-03-2025 20:00;Noche;A;1384,4;0,840;87,36;3458,3
08-03-2025 21:00;Noche;A;1423,1;0,822;86,15;3477,5
08-03-2025 22:00;Noche;A;1372,1;0,823;86,31;3482,4
08-03-2025 23:00;Noche;A;1377,8;0,754;85,78;3454,0
09-03-2025 00:00;Noche;A;1380,3;0,831;86,81;3426,1
09-03-2025 01:00;Noche;A;1351,7;0,856;86,40;3432,3
09-03-2025 02:00;Noche;A;1342,2;0,844;86,03;3495,3
09-03-2025 03:00;Noche;A;1408,1;0,805;84,76;3437,0
09-03-2025 04:00;Noche;A;-999;0,850;85,96;3451,3
09-03-2025 05:00;Noche;A;1401,4;0,933;85,49;3435,0
09-03-2025 06:00;Noche;A;1429,5;0,891;88,01;3499,4
09-03-2025 07:00;Noche;A;1489,9;0,851;87,36;3478,6
09-03-2025 08:00;Dia;A;1517,4;0,896;87,24;3563,5
09-03-2025 09:00;Dia;A;1508,8;0,830;87,93;3572,5
09-03-2025 10:00;Dia;A;1494,9;0,762;87,19;3507,5
09-03-2025 11:00;Dia;A;1480,0;0,801;87,51;3496,6
09-03-2025 12:00;Dia;A;1476,5;0,806;87,46;3470,6
09-03-2025 13:00;Dia;A;1471,4;0,821;86,71;3525,2
09-03-2025 14:00;Dia;A;1512,5;0,811;85,91;3505,3
09-03-2025 15:00;Dia;A;1487,5;0,839;85,88;3506,7
09-03-2025 16:00;Dia;A;1507,5;0,824;87,88;3524,4
09-03-2025 17:00;Dia;A;1529,8;0,793;86,72;3525,1
09-03-2025 18:00;Dia;A;1493,5;0,779;86,25;3557,4
09-03-2025 19:00;Dia;A;1499,8;0,818;86,11;3587,1
09-03-2025 20:00;Noche;A;1446,7;0,854;87,41;3409,7
09-03-2025 21:00;Noche;A;1438,9;0,872;89,66;3452,4
09-03-2025 22:00;Noche;A;1391,5;0,875;87,31;3461,6
09-03-2025 23:00;Noche;A;1381,7;0,701;86,59;3404,8
10-03-2025 00:00;Noche;A;1410,0;0,714;86,27;3441,5
10-03-2025 01:00;Noche;A;1433,0;0,758;85,75;3484,6
10-03-2025 02:00;Noche;A;1479,8;0,812;86,60;3559,7
10-03-2025 03:00;Noche;A;1447,3;0,766;84,48;3533,2
10-03-2025 04:00;Noche;A;1453,9;0,883;86,70;3484,0
10-03-2025 05:00;Noche;A;1520,3;0,903;87,04;3544,2
10-03-2025 06:00;Noche;A;1505,3;0,875;85,59;3519,2
10-03-2025 07:00;Noche;A;1527,1;0,898;88,23;3543,0
10-03-2025 08:00;Dia;A;1614,0;0,888;88,85;3561,8
10-03-2025 09:00;Dia;A;1599,4;0,863;89,58;3532,6
10-03-2025 10:00;Dia;A;1601,8;0,903;87,22;3589,3
10-03-2025 11:00;Dia;A;1715,9;0,878;87,04;3712,3
10-03-2025 12:00;Dia;A;1690,7;0,816;86,38;3689,0
10-03-2025 13:00;Dia;A;1663,4;0,811;87,62;3571,7
10-03-2025 14:00;Dia;A;1637,4;0,825;89,37;3618,0
10-03-2025 15:00;Dia;A;1630,1;0,783;86,09;3595,0
10-03-2025 16:00;Dia;A;1654,2;0,860;87,05;3642,3
10-03-2025 17:00;Dia;A;1648,0;0,791;86,70;3582,9
10-03-2025 18:00;Dia;A;1717,5;0,878;88,56;3699,3
10-03-2025 19:00;Dia;A;1688,6;0,885;88,03;3635,8
10-03-2025 20:00;Noche;A;1596,2;0,805;85,61;3605,3
10-03-2025 21:00;Noche;A;1566,3;0,810;85,71;3595,7
10-03-2025 22:00;Noche;A;-999;0,863;84,95;3481,2
10-03-2025 23:00;Noche;A;1465,8;0,835;84,38;3488,7
11-03-2025 00:00;Noche;A;1454,7;0,779;84,75;3547,2
11-03-2025 01:00;Noche;A;1452,0;0,813;84,72;3489,2
11-03-2025 02:00;Noche;A;1446,8;0,923;86,16;3526,0
11-03-2025 03:00;Noche;A;1367,3;0,833;83,91;3455,0
11-03-2025 04:00;Noche;A;1439,9;0,882;87,93;3467,6
11-03-2025 05:00;Noche;A;1445,8;0,889;88,97;3503,8
11-03-2025 06:00;Noche;A;1452,4;0,890;88,99;3540,3
11-03-2025 07:00;Noche;A;1468,6;0,882;86,57;3562,4
11-03-2025 08:00;Dia;A;-999;0,880;84,17;3655,6
11-03-2025 09:00;Dia;A;1644,5;0,940;84,77;3585,8
11-03-2025 10:00;Dia;A;1604,2;0,950;85,84;3636,3
11-03-2025 11:00;Dia;A;1587,2;0,880;89,11;3543,2
11-03-2025 12:00;Dia;A;1623,6;0,951;90,67;3613,5
11-03-2025 13:00;Dia;A;1641,4;0,856;88,56;3621,2
11-03-2025 14:00;Dia;A;1628,8;0,885;89,94;3643,9
11-03-2025 15:00;Dia;A;1606,5;0,874;90,59;3616,3
11-03-2025 16:00;Dia;A;1573,9;0,907;89,70;3629,1
11-03-2025 17:00;Dia;A;1577,4;0,883;90,31;3557,7
11-03-2025 18:00;Dia;A;1627,7;0,897;89,68;3641,0
11-03-2025 19:00;Dia;A;1567,9;0,854;87,70;3583,7
11-03-2025 20:00;Noche;A;1508,8;0,875;86,05;3529,4
11-03-2025 21:00;Noche;A;1524,6;0,859;86,10;3491,1
11-03-2025 22:00;Noche;A;1481,7;0,934;87,92;3529,8
11-03-2025 23:00;Noche;A;1502,6;0,851;85,30;3531,8
12-03-2025 00:00;Noche;A;1426,0;0,896;83,91;3501,9
12-03-2025 01:00;Noche;A;1360,7;0,894;85,54;3430,4
12-03-2025 02:00;Noche;A;1334,4;0,886;82,46;3407,0
12-03-2025 03:00;Noche;A;1356,2;0,855;86,05;3447,0
12-03-2025 04:00;Noche;A;1380,9;0,889;85,78;3467,6
12-03-2025 05:00;Noche;A;1396,2;0,826;86,63;3488,5
12-03-2025 06:00;Noche;A;1437,8;0,800;88,67;3563,2
12-03-2025 07:00;Noche;A;1378,7;0,882;86,50;3434,3
12-03-2025 08:00;Dia;A;1567,4;0,825;85,15;3653,8
12-03-2025 09:00;Dia;A;1540,0;0,928;89,30;3450,8
12-03-2025 10:00;Dia;A;1551,5;;88,25;3608,6
12-03-2025 11:00;Dia;A;1569,5;0,911;88,01;3553,5
12-03-2025 12:00;Dia;A;1549,5;0,902;88,28;3648,6
12-03-2025 13:00;Dia;A;1522,2;0,906;89,54;3521,5
12-03-2025 14:00;Dia;A;1513,0;0,871;90,40;3588,6
12-03-2025 15:00;Dia;A;1543,2;0,841;89,36;3527,6
12-03-2025 16:00;Dia;A;1586,3;0,830;88,18;3546,4
12-03-2025 17:00;Dia;A;1612,8;0,872;88,07;3633,4
12-03-2025 18:00;Dia;A;1563,0;0,895;88,32;3601,9
12-03-2025 19:00;Dia;A;1530,5;0,911;89,64;3519,2
12-03-2025 20:00;Noche;A;1378,2;0,879;88,64;3539,5
12-03-2025 21:00;Noche;A;1410,1;0,837;89,88;3453,5
12-03-2025 22:00;Noche;A;1329,3;;86,89;3472,9
12-03-2025 23:00;Noche;A;1407,4;0,811;87,41;3422,4
13-03-2025 00:00;Noche;A;1395,8;0,858;89,22;3416,8
13-03-2025 01:00;Noche;A;1377,9;0,834;89,40;3446,0
13-03-2025 02:00;Noche;A;1415,7;0,882;88,71;3428,8
13-03-2025 03:00;Noche;A;1477,8;0,936;86,98;3524,9
13-03-2025 04:00;Noche;A;1500,2;0,918;85,88;3442,6
13-03-2025 05:00;Noche;A;1551,5;0,956;86,27;3565,5
13-03-2025 06:00;Noche;A;1555,8;0,947;86,96;3543,2
13-03-2025 07:00;Noche;A;1608,5;0,853;86,24;3563,9
13-03-2025 08:00;Dia;A;1771,3;0,858;84,80;3712,1
13-03-2025 09:00;Dia;A;1748,4;0,863;84,91;3683,9
13-03-2025 10:00;Dia;A;1796,0;0,905;86,84;3706,8
13-03-2025 11:00;Dia;A;1777,1;0,862;88,05;3744,0
13-03-2025 12:00;Dia;A;1757,4;0,852;86,17;3712,7
13-03-2025 13:00;Dia;A;1697,0;0,817;86,17;3678,1
13-03-2025 14:00;Dia;A;1674,2;0,833;84,79;3698,7
13-03-2025 15:00;Dia;A;1697,3;0,840;85,29;3658,0
13-03-2025 16:00;Dia;A;1622,0;0,879;90,79;3643,3
13-03-2025 17:00;Dia;A;1643,2;0,887;89,67;3606,0
13-03-2025 18:00;Dia;A;1642,1;0,860;88,22;3641,0
13-03-2025 19:00;Dia;A;1634,8;0,846;86,98;3630,4
13-03-2025 20:00;Noche;A;1402,4;0,832;85,34;3442,7
13-03-2025 21:00;Noche;A;1405,0;0,825;83,48;3405,1
13-03-2025 22:00;Noche;A;1438,3;0,888;84,92;3432,8
13-03-2025 23:00;Noche;A;1405,1;0,746;84,34;3423,8
14-03-2025 00:00;Noche;A;1418,3;0,777;86,78;3488,3
14-03-2025 01:00;Noche;A;1327,8;0,822;84,57;3406,4
14-03-2025 02:00;Noche;A;1392,1;0,890;86,02;3441,3
14-03-2025 03:00;Noche;A;1388,9;0,833;87,44;3470,6
14-03-2025 04:00;Noche;A;1455,7;0,873;84,73;3524,1
14-03-2025 05:00;Noche;A;1396,6;0,923;86,53;3515,5
14-03-2025 06:00;Noche;A;1463,0;0,895;84,57;3484,4
14-03-2025 07:00;Noche;A;1477,3;0,816;85,72;3539,8
14-03-2025 08:00;Dia;A;1654,6;0,843;88,12;3658,5
14-03-2025 09:00;Dia;A;1626,1;0,819;87,59;3580,6
14-03-2025 10:00;Dia;A;1617,9;0,887;88,21;3618,1
14-03-2025 11:00;Dia;A;1730,8;0,852;86,99;3649,9
14-03-2025 12:00;Dia;A;1684,2;0,946;88,21;3647,6
14-03-2025 13:00;Dia;A;1651,2;0,918;89,50;3651,2
14-03-2025 14:00;Dia;A;1640,4;0,854;88,37;3563,0
14-03-2025 15:00;Dia;A;1596,3;0,826;87,79;3565,1
14-03-2025 16:00;Dia;A;1651,4;0,778;87,87;3599,2
14-03-2025 17:00;Dia;A;1710,4;0,814;88,76;3667,0
14-03-2025 18:00;Dia;A;1648,4;0,879;86,47;3594,0
14-03-2025 19:00;Dia;A;1555,4;0,836;86,59;3575,2
14-03-2025 20:00;Noche;A;1484,7;0,863;85,97;3482,0
14-03-2025 21:00;Noche;A;1517,6;0,795;86,45;3512,8
14-03-2025 22:00;Noche;A;1530,1;0,816;87,70;3561,0
14-03-2025 23:00;Noche;A;1554,5;0,922;88,04;3564,2
15-03-2025 00:00;Noche;A;1490,2;0,818;88,39;3517,5
15-03-2025 01:00;Noche;A;1474,5;0,886;86,55;3501,1
15-03-2025 02:00;Noche;A;1415,8;0,927;86,16;3505,2
15-03-2025 03:00;Noche;A;1374,9;0,818;84,44;3495,8
15-03-2025 04:00;Noche;A;1449,9;0,784;84,92;3478,8
15-03-2025 05:00;Noche;A;1441,4;0,791;85,49;3463,1
15-03-2025 06:00;Noche;A;1563,3;0,886;86,09;3529,8
15-03-2025 07:00;Noche;A;1565,6;0,878;84,90;3639,2
15-03-2025 08:00;Dia;A;1660,0;0,886;85,75;3601,3
15-03-2025 09:00;Dia;A;1702,6;0,928;86,14;3614,0
15-03-2025 10:00;Dia;A;1776,9;0,923;87,55;3722,1
15-03-2025 11:00;Dia;A;1776,3;0,920;87,39;3752,5
15-03-2025 12:00;Dia;A;1702,1;0,889;88,93;3620,5
15-03-2025 13:00;Dia;A;1709,8;0,931;89,10;3666,9
15-03-2025 14:00;Dia;A;1753,8;0,862;86,08;3643,4
15-03-2025 15:00;Dia;A;1703,6;0,928;86,96;3638,3
15-03-2025 16:00;Dia;A;1649,4;0,868;85,30;3690,0
15-03-2025 17:00;Dia;A;1679,1;0,810;87,05;3650,4
15-03-2025 18:00;Dia;A;1660,4;0,839;88,98;3619,5
15-03-2025 19:00;Dia;A;1590,6;0,844;88,18;3585,6
15-03-2025 20:00;Noche;A;1446,0;0,736;87,52;3501,1
15-03-2025 21:00;Noche;A;1410,3;0,777;85,35;3461,9
15-03-2025 22:00;Noche;A;1427,5;0,732;82,55;3429,7
15-03-2025 23:00;Noche;A;1433,7;0,734;83,07;3432,6
16-03-2025 00:00;Noche;A;1414,3;0,814;84,15;3540,7
16-03-2025 01:00;Noche;A;1437,0;0,789;82,80;3450,4
16-03-2025 02:00;Noche;A;1362,6;0,837;84,33;3479,6
16-03-2025 03:00;Noche;A;1394,2;;85,36;3428,7
16-03-2025 04:00;Noche;A;1443,3;0,946;87,10;3537,9
16-03-2025 05:00;Noche;A;1466,4;0,919;88,76;3532,3
16-03-2025 06:00;Noche;A;1512,0;0,860;88,67;3529,4
16-03-2025 07:00;Noche;A;1483,5;0,833;87,31;3598,7
16-03-2025 08:00;Dia;A;1567,9;0,828;87,23;3542,7
16-03-2025 09:00;Dia;A;1621,6;0,870;88,16;3604,9
16-03-2025 10:00;Dia;A;1578,2;0,885;86,71;3556,4
16-03-2025 11:00;Dia;A;1498,7;0,933;89,06;3511,4
16-03-2025 12:00;Dia;A;1570,6;0,918;89,73;3572,0
16-03-2025 13:00;Dia;A;1547,7;0,902;88,74;3535,0
16-03-2025 14:00;Dia;A;1544,1;0,895;87,66;3555,4
16-03-2025 15:00;Dia;A;1490,8;0,865;92,29;3592,4
16-03-2025 16:00;Dia;A;1449,1;0,862;91,47;3438,7
16-03-2025 17:00;Dia;A;1420,2;0,877;91,14;3436,2
16-03-2025 18:00;Dia;A;1427,7;0,881;91,89;3449,1
16-03-2025 19:00;Dia;A;1460,4;0,822;90,88;3484,7
16-03-2025 20:00;Noche;A;1250,3;0,733;88,91;3407,3
16-03-2025 21:00;Noche;A;1309,4;0,729;88,54;3430,5
16-03-2025 22:00;Noche;A;1272,3;0,778;86,56;3396,4
16-03-2025 23:00;Noche;A;1250,3;0,685;86,56;3371,3
17-03-2025 00:00;Noche;A;1379,4;0,729;84,34;3533,6
17-03-2025 00:00;Noche;A;1397,4;0,729;84,34;3533,6
17-03-2025 01:00;Noche;A;1395,4;0,801;85,67;3411,0
17-03-2025 02:00;Noche;A;1350,1;0,801;86,37;3383,1
17-03-2025 03:00;Noche;A;1462,7;0,783;84,10;3497,4
17-03-2025 04:00;Noche;A;1438,4;0,908;87,87;3493,5
17-03-2025 05:00;Noche;A;1471,4;0,965;86,32;3500,2
17-03-2025 06:00;Noche;A;1498,5;0,926;87,72;3497,3
17-03-2025 07:00;Noche;A;1573,2;0,978;87,18;3529,0
17-03-2025 08:00;Dia;A;1673,4;1,006;87,96;3633,0
17-03-2025 09:00;Dia;A;1721,5;0,911;86,65;3649,1
17-03-2025 10:00;Dia;A;1684,3;1,028;90,87;3636,4
17-03-2025 11:00;Dia;A;1733,6;0,925;90,64;3645,5
17-03-2025 12:00;Dia;A;1689,2;0,894;91,68;3709,8
17-03-2025 13:00;Dia;A;1669,4;0,833;90,83;3663,6
17-03-2025 14:00;Dia;A;1745,3;0,846;90,51;3762,4
17-03-2025 15:00;Dia;A;1731,3;0,784;89,21;3662,4
17-03-2025 16:00;Dia;A;1707,3;0,803;88,25;3666,7
17-03-2025 17:00;Dia;A;1774,1;0,858;88,91;3693,6
17-03-2025 18:00;Dia;A;1740,9;0,845;88,40;3680,1
17-03-2025 19:00;Dia;A;1663,0;0,814;87,49;3618,2
17-03-2025 20:00;Noche;A;1547,1;0,878;85,83;3547,0
17-03-2025 21:00;Noche;A;1468,3;0,804;85,40;3427,4
17-03-2025 22:00;Noche;A;1506,0;0,850;86,71;3513,0
17-03-2025 23:00;Noche;A;1538,6;0,822;85,78;3568,4
18-03-2025 00:00;Noche;A;1490,6;0,835;86,34;3438,6
18-03-2025 01:00;Noche;A;1455,6;0,840;86,04;3477,7
18-03-2025 02:00;Noche;A;1467,2;0,853;84,83;3520,8
18-03-2025 03:00;Noche;A;1473,6;0,859;84,26;3552,9
18-03-2025 04:00;Noche;A;1441,7;0,835;84,00;3484,6
18-03-2025 05:00;Noche;A;1487,4;0,836;84,56;3536,2
18-03-2025 06:00;Noche;A;1416,3;0,886;85,30;3544,3
18-03-2025 07:00;Noche;A;1434,1;0,891;87,38;3541,2
18-03-2025 08:00;Dia;A;1571,3;0,847;85,73;3563,1
18-03-2025 09:00;Dia;A;1591,1;0,842;83,79;3572,1
18-03-2025 10:00;Dia;A;1630,6;0,837;86,05;3659,8
18-03-2025 11:00;Dia;A;1594,6;0,859;86,22;3608,6
18-03-2025 12:00;Dia;A;1641,7;0,877;86,81;3609,3
18-03-2025 13:00;Dia;A;1641,4;0,876;90,41;3620,5
18-03-2025 14:00;Dia;A;1617,4;0,836;91,00;3625,1
18-03-2025 15:00;Dia;A;1564,7;0,838;90,42;3571,0
18-03-2025 16:00;Dia;A;1528,0;0,771;90,05;3543,7
18-03-2025 17:00;Dia;A;1560,6;0,661;88,33;3561,7
18-03-2025 18:00;Dia;A;1525,1;0,724;89,03;3489,3
18-03-2025 19:00;Dia;A;1538,2;0,684;86,96;3616,0
18-03-2025 20:00;Noche;A;1467,3;0,693;85,70;3549,7
18-03-2025 21:00;Noche;A;1501,4;0,688;85,09;3579,5
18-03-2025 22:00;Noche;A;1549,0;0,770;87,68;3544,9
18-03-2025 23:00;Noche;A;1507,7;0,736;88,63;3527,9
19-03-2025 00:00;Noche;A;1446,0;0,790;86,92;3506,2
19-03-2025 01:00;Noche;A;1491,3;0,791;87,87;3544,0
19-03-2025 02:00;Noche;A;1499,6;0,764;86,64;3450,3
19-03-2025 03:00;Noche;A;1544,6;0,741;87,40;3562,5
19-03-2025 04:00;Noche;A;1536,4;0,825;86,78;3508,9
19-03-2025 05:00;Noche;A;1584,8;0,873;88,02;3576,7
19-03-2025 06:00;Noche;A;1610,7;0,920;87,64;3573,6
19-03-2025 07:00;Noche;A;1628,2;0,996;87,57;3676,9
19-03-2025 08:00;Dia;A;1755,0;0,968;87,51;3714,4
19-03-2025 09:00;Dia;A;1757,1;0,952;87,79;3696,8
19-03-2025 10:00;Dia;A;1751,9;0,923;87,01;3749,1
19-03-2025 11:00;Dia;A;1746,7;0,912;85,69;3691,8
19-03-2025 12:00;Dia;A;1772,6;0,881;88,57;3683,7
19-03-2025 13:00;Dia;A;1725,7;0,833;87,58;3674,5
19-03-2025 14:00;Dia;A;1780,8;0,931;85,99;3700,7
19-03-2025 15:00;Dia;A;1740,2;0,804;83,36;3689,2
19-03-2025 16:00;Dia;A;1750,7;0,824;81,65;3723,1
19-03-2025 17:00;Dia;A;1708,7;0,839;83,27;3658,0
19-03-2025 18:00;Dia;A;1666,4;0,830;86,49;3630,7
19-03-2025 19:00;Dia;A;1726,8;0,772;84,33;3705,7
19-03-2025 20:00;Noche;A;1551,1;0,775;84,78;3566,6
19-03-2025 21:00;Noche;A;1467,3;0,765;83,03;3537,0
19-03-2025 22:00;Noche;A;1427,9;0,735;85,37;3480,0
19-03-2025 23:00;Noche;A;1416,1;0,768;86,10;3417,2
20-03-2025 00:00;Noche;A;1513,3;0,776;86,36;3483,9
20-03-2025 01:00;Noche;A;1507,7;0,779;87,75;3460,6
20-03-2025 02:00;Noche;A;1538,1;0,843;89,31;3586,1
20-03-2025 03:00;Noche;A;1484,2;0,806;89,07;3527,4
20-03-2025 04:00;Noche;A;1505,5;0,859;87,43;3509,5
20-03-2025 05:00;Noche;A;1539,6;0,845;85,32;3514,1
20-03-2025 06:00;Noche;A;1616,9;0,888;84,78;3616,1
20-03-2025 07:00;Noche;A;1573,6;0,898;83,58;3573,7
20-03-2025 08:00;Dia;A;1718,2;;87,39;3683,3
20-03-2025 09:00;Dia;A;1725,5;0,863;86,96;3646,5
20-03-2025 10:00;Dia;A;1675,6;0,843;87,24;3607,4
20-03-2025 11:00;Dia;A;1679,1;0,825;87,52;3711,8
20-03-2025 12:00;Dia;A;1669,3;0,855;90,23;3611,1
20-03-2025 13:00;Dia;A;1572,1;0,892;88,82;3585,4
20-03-2025 14:00;Dia;A;1617,9;0,921;90,16;3663,8
20-03-2025 15:00;Dia;A;1645,1;0,859;89,39;3559,4
20-03-2025 16:00;Dia;A;1619,6;0,846;88,47;3636,5
20-03-2025 17:00;Dia;A;1558,0;0,757;85,18;3571,6
20-03-2025 18:00;Dia;A;1625,8;0,677;86,48;3602,6
20-03-2025 19:00;Dia;A;1622,2;0,692;85,49;3612,8
20-03-2025 20:00;Noche;A;1528,4;0,708;85,20;3496,9
20-03-2025 21:00;Noche;A;1563,1;0,679;85,54;3476,9
20-03-2025 22:00;Noche;A;1507,9;0,655;85,47;3595,6
20-03-2025 23:00;Noche;A;1523,5;0,749;87,28;3522,2
21-03-2025 00:00;Noche;A;1493,3;0,747;85,73;3547,4
21-03-2025 01:00;Noche;A;1481,3;0,712;85,61;3548,5
21-03-2025 02:00;Noche;A;1475,5;0,878;86,81;3515,3
21-03-2025 03:00;Noche;A;1479,3;0,880;86,64;3525,8
21-03-2025 04:00;Noche;A;1533,8;0,864;87,29;3571,8
21-03-2025 05:00;Noche;A;1537,8;0,906;86,90;3609,7
21-03-2025 06:00;Noche;A;1533,5;0,867;88,16;3569,3
21-03-2025 07:00;Noche;A;1528,6;0,954;87,31;3598,4
21-03-2025 08:00;Dia;A;1673,5;0,862;85,12;3632,6
21-03-2025 09:00;Dia;A;1641,7;0,820;85,71;3610,4
21-03-2025 10:00;Dia;A;1634,5;0,848;87,97;3627,0
21-03-2025 11:00;Dia;A;1647,0;0,830;87,09;3647,8
21-03-2025 12:00;Dia;A;1632,5;0,913;87,04;3644,4
21-03-2025 13:00;Dia;A;1637,2;0,817;86,51;3699,9
21-03-2025 14:00;Dia;A;1615,9;0,797;87,05;3643,9
21-03-2025 15:00;Dia;A;1705,2;0,824;87,17;3668,1
21-03-2025 16:00;Dia;A;-999;0,847;87,83;3759,0
21-03-2025 17:00;Dia;A;1722,6;0,874;85,75;3683,5
21-03-2025 18:00;Dia;A;1684,9;0,856;88,18;3658,2
21-03-2025 19:00;Dia;A;1747,3;0,927;88,91;3698,8
21-03-2025 20:00;Noche;A;1593,1;0,845;86,73;3569,3
21-03-2025 21:00;Noche;A;1548,8;0,831;88,29;3510,8
21-03-2025 22:00;Noche;A;1531,8;0,856;88,21;3544,4
21-03-2025 23:00;Noche;A;1520,2;0,821;89,06;3519,3
22-03-2025 00:00;Noche;A;1560,1;0,808;86,28;3522,9
22-03-2025 01:00;Noche;A;1533,3;0,799;88,09;3543,7
22-03-2025 02:00;Noche;A;1606,3;0,792;87,17;3578,1
22-03-2025 03:00;Noche;A;1540,4;0,773;83,95;3524,4
22-03-2025 04:00;Noche;A;1562,0;0,794;85,73;3495,7
22-03-2025 05:00;Noche;A;1511,7;0,766;85,31;3527,9
22-03-2025 06:00;Noche;A;1596,7;0,841;84,81;3656,1
22-03-2025 07:00;Noche;A;1573,8;0,796;85,05;3612,3
22-03-2025 08:00;Dia;A;1690,6;0,935;84,15;3694,9
22-03-2025 09:00;Dia;A;1730,9;0,995;86,68;3680,9
22-03-2025 10:00;Dia;A;1775,3;0,998;87,09;3750,8
22-03-2025 11:00;Dia;A;1708,1;0,937;86,97;3645,4
22-03-2025 12:00;Dia;A;1687,6;0,881;88,91;3641,2
22-03-2025 13:00;Dia;A;1624,9;0,926;88,86;3638,6
22-03-2025 14:00;Dia;A;1638,1;0,897;87,65;3572,5
22-03-2025 15:00;Dia;A;1633,4;0,892;86,61;3623,4
22-03-2025 16:00;Dia;A;1614,6;0,826;86,67;3618,5
22-03-2025 17:00;Dia;A;1581,7;0,865;88,50;3647,3
22-03-2025 18:00;Dia;A;1565,3;0,799;86,95;3544,3
22-03-2025 19:00;Dia;A;1534,3;0,801;85,62;3564,1
22-03-2025 20:00;Noche;A;1442,0;0,719;86,65;3463,7
22-03-2025 21:00;Noche;A;1502,8;0,723;86,43;3502,9
22-03-2025 22:00;Noche;A;1403,5;0,780;86,43;3358,5
22-03-2025 23:00;Noche;A;1406,2;0,772;88,73;3425,1
23-03-2025 00:00;Noche;A;1327,9;0,774;86,00;3454,6
23-03-2025 01:00;Noche;A;1363,1;0,836;86,46;3453,1
23-03-2025 02:00;Noche;A;1333,0;0,837;84,07;3422,1
23-03-2025 03:00;Noche;A;1348,8;0,904;84,88;3520,6
23-03-2025 04:00;Noche;A;1328,0;0,782;85,53;3437,8
23-03-2025 05:00;Noche;A;1390,1;0,854;87,52;3412,4
23-03-2025 06:00;Noche;A;1415,8;0,894;85,82;3470,3
23-03-2025 07:00;Noche;A;1427,7;0,827;86,94;3486,3
23-03-2025 08:00;Dia;A;1581,6;0,801;87,73;3647,1
23-03-2025 09:00;Dia;A;1582,5;0,884;87,76;3556,0
23-03-2025 10:00;Dia;A;1528,5;0,839;90,49;3574,1
23-03-2025 11:00;Dia;A;1577,2;0,830;89,27;3626,3
23-03-2025 12:00;Dia;A;1598,6;0,875;87,79;3572,8
23-03-2025 13:00;Dia;A;1592,8;0,852;88,25;3602,6
23-03-2025 14:00;Dia;A;1632,1;0,869;85,89;3546,9
23-03-2025 15:00;Dia;A;1666,9;0,812;88,28;3645,8
23-03-2025 16:00;Dia;A;1591,0;0,827;89,25;3509,8
23-03-2025 17:00;Dia;A;1542,5;0,866;88,24;3545,1
23-03-2025 18:00;Dia;A;-999;0,849;88,56;3656,5
23-03-2025 19:00;Dia;A;1633,4;0,725;87,89;3625,2
23-03-2025 20:00;Noche;A;1445,7;0,784;89,92;3492,4
23-03-2025 21:00;Noche;A;1374,8;0,790;87,72;3449,8
23-03-2025 22:00;Noche;A;1344,3;0,753;85,24;3504,3
23-03-2025 23:00;Noche;A;1328,3;0,840;83,42;3432,9
24-03-2025 00:00;Noche;A;1343,0;0,753;83,57;3460,0
24-03-2025 01:00;Noche;A;-999;0,872;83,11;3423,2
24-03-2025 02:00;Noche;A;1343,8;0,832;83,88;3406,7
24-03-2025 03:00;Noche;A;1329,8;0,916;85,72;3376,9
24-03-2025 04:00;Noche;A;1413,4;0,895;85,39;3463,9
24-03-2025 05:00;Noche;A;1413,7;0,830;84,33;3447,3
24-03-2025 06:00;Noche;A;1443,8;0,863;86,84;3532,4
24-03-2025 07:00;Noche;A;1499,5;0,893;86,78;3557,1
24-03-2025 08:00;Dia;A;1671,5;0,920;87,42;3638,1
24-03-2025 09:00;Dia;A;1663,7;0,957;88,91;3619,7
24-03-2025 10:00;Dia;A;1674,0;0,887;86,55;3539,8
24-03-2025 11:00;Dia;A;1644,1;0,907;86,04;3608,9
24-03-2025 12:00;Dia;A;1727,6;0,923;90,04;3694,7
24-03-2025 13:00;Dia;A;1740,8;0,881;88,88;3715,9
24-03-2025 14:00;Dia;A;1673,0;0,822;86,88;3531,9
24-03-2025 15:00;Dia;A;1664,0;;86,61;3550,1
24-03-2025 16:00;Dia;A;1682,2;0,831;86,45;3655,1
24-03-2025 17:00;Dia;A;1681,3;0,855;85,45;3606,9
24-03-2025 18:00;Dia;A;1733,1;0,792;85,31;3666,5
24-03-2025 19:00;Dia;A;1749,1;0,732;85,49;3663,8
24-03-2025 20:00;Noche;A;1558,3;0,813;86,22;3582,4
24-03-2025 21:00;Noche;A;1522,6;0,734;86,48;3465,9
24-03-2025 22:00;Noche;A;1445,6;0,770;84,25;3464,7
24-03-2025 23:00;Noche;A;1453,2;0,751;82,88;3525,0
25-03-2025 00:00;Noche;A;1457,1;0,703;84,61;3499,4
25-03-2025 01:00;Noche;A;1570,4;0,767;84,66;3531,1
25-03-2025 02:00;Noche;A;1550,0;0,794;86,67;3567,9
25-03-2025 03:00;Noche;A;1447,4;0,888;87,24;3499,8
25-03-2025 04:00;Noche;A;1434,9;0,983;85,73;3450,5
25-03-2025 05:00;Noche;A;1463,2;0,930;86,64;3530,2
25-03-2025 06:00;Noche;A;1431,3;0,959;85,71;3512,9
25-03-2025 07:00;Noche;A;1427,2;0,978;86,83;3483,2
25-03-2025 08:00;Dia;A;;;;
25-03-2025 09:00;Dia;A;;;;
25-03-2025 10:00;Dia;A;;;;
25-03-2025 11:00;Dia;A;;;;
25-03-2025 12:00;Dia;A;;;;
25-03-2025 13:00;Dia;A;;;;
25-03-2025 14:00;Dia;A;;;;
25-03-2025 15:00;Dia;A;;;;
25-03-2025 16:00;Dia;A;1547,3;0,847;87,02;3552,5
25-03-2025 17:00;Dia;A;1587,4;0,884;88,00;3562,9
25-03-2025 18:00;Dia;A;1517,9;0,828;86,53;3511,5
25-03-2025 19:00;Dia;A;1527,1;0,750;87,24;3580,0
25-03-2025 20:00;Noche;A;1444,6;0,770;88,32;3573,0
25-03-2025 21:00;Noche;A;1425,3;0,713;87,19;3525,7
25-03-2025 22:00;Noche;A;1436,5;0,723;86,32;3499,5
25-03-2025 23:00;Noche;A;1389,0;0,816;86,09;3478,2
26-03-2025 00:00;Noche;A;1457,6;0,921;86,80;3479,0
26-03-2025 01:00;Noche;A;1503,5;0,898;87,98;3502,2
26-03-2025 02:00;Noche;A;1505,7;0,827;88,73;3479,3
26-03-2025 03:00;Noche;A;1428,3;0,877;87,32;3531,4
26-03-2025 04:00;Noche;A;1404,9;0,775;85,17;3452,6
26-03-2025 05:00;Noche;A;1477,1;0,793;84,58;3486,0
26-03-2025 06:00;Noche;A;1566,4;0,906;87,11;3547,4
26-03-2025 07:00;Noche;A;1577,4;0,935;87,55;3588,5
26-03-2025 08:00;Dia;A;1748,2;0,857;87,43;3669,5
26-03-2025 09:00;Dia;A;1709,8;0,800;87,61;3669,5
26-03-2025 10:00;Dia;A;1698,8;0,879;88,35;3670,2
26-03-2025 11:00;Dia;A;1697,5;0,878;87,96;3714,5
26-03-2025 12:00;Dia;A;1712,0;0,848;86,47;3627,1
26-03-2025 13:00;Dia;A;1637,6;0,870;86,36;3638,3
26-03-2025 14:00;Dia;A;1681,5;0,832;86,90;3627,0
26-03-2025 15:00;Dia;A;1725,8;0,744;87,15;3662,6
26-03-2025 16:00;Dia;A;1650,3;0,813;87,05;3690,3
26-03-2025 17:00;Dia;A;1580,4;0,780;86,42;3606,7
26-03-2025 18:00;Dia;A;1595,3;0,742;88,05;3574,8
26-03-2025 19:00;Dia;A;1560,7;0,705;86,59;3583,2
26-03-2025 20:00;Noche;A;1340,1;0,754;86,91;3424,4
26-03-2025 21:00;Noche;A;1396,7;0,735;86,05;3499,4
26-03-2025 22:00;Noche;A;1411,5;0,792;85,19;3446,8
26-03-2025 23:00;Noche;A;1397,2;0,787;83,56;3473,3
27-03-2025 00:00;Noche;A;1497,5;0,849;84,12;3509,0
27-03-2025 01:00;Noche;A;1493,0;0,824;83,71;3514,8
27-03-2025 02:00;Noche;A;1456,3;0,805;85,49;3487,1
27-03-2025 03:00;Noche;A;1469,3;0,742;83,81;3479,5
27-03-2025 04:00;Noche;A;1435,9;0,752;84,04;3488,6
27-03-2025 05:00;Noche;A;1427,3;0,844;86,07;3518,9
27-03-2025 06:00;Noche;A;1473,3;1,002;87,05;3491,0
27-03-2025 07:00;Noche;A;1471,9;0,899;87,28;3501,5
27-03-2025 08:00;Dia;A;1597,8;0,853;88,02;3610,8
27-03-2025 09:00;Dia;A;1692,6;0,887;85,87;3630,0
27-03-2025 10:00;Dia;A;1730,0;0,910;86,21;3716,0
27-03-2025 11:00;Dia;A;1754,6;0,867;85,46;3726,3
27-03-2025 12:00;Dia;A;1759,3;0,872;88,08;3616,9
27-03-2025 13:00;Dia;A;1757,6;0,793;87,40;3677,1
27-03-2025 14:00;Dia;A;1793,1;0,802;88,08;3682,0
27-03-2025 15:00;Dia;A;1753,1;0,854;90,22;3726,8
27-03-2025 16:00;Dia;A;1797,1;0,910;89,09;3755,7
27-03-2025 17:00;Dia;A;1707,4;0,855;88,35;3617,1
27-03-2025 18:00;Dia;A;1665,1;0,817;88,20;3607,0
27-03-2025 19:00;Dia;A;1582,7;0,826;87,38;3575,5
27-03-2025 20:00;Noche;A;1441,7;0,859;88,83;3474,3
27-03-2025 21:00;Noche;A;1460,7;0,851;88,91;3524,5
27-03-2025 22:00;Noche;A;1514,0;0,794;88,78;3565,4
27-03-2025 23:00;Noche;A;1466,2;0,816;87,80;3520,0
28-03-2025 00:00;Noche;A;1460,7;0,861;86,87;3534,9
28-03-2025 01:00;Noche;A;1444,5;0,816;85,84;3519,5
28-03-2025 02:00;Noche;A;1420,6;0,770;85,09;3468,1
28-03-2025 03:00;Noche;A;1388,3;0,833;83,65;3436,3
28-03-2025 04:00;Noche;A;1421,4;0,868;85,26;3448,0
28-03-2025 05:00;Noche;A;1375,6;0,918;87,02;3480,9
28-03-2025 06:00;Noche;A;1423,0;0,911;86,92;3516,0
28-03-2025 07:00;Noche;A;1458,4;0,876;86,17;3545,8
28-03-2025 08:00;Dia;A;1578,9;0,867;86,54;3573,1
28-03-2025 09:00;Dia;A;1566,0;0,834;86,92;3565,2
28-03-2025 10:00;Dia;A;1540,8;0,817;87,37;3576,0
28-03-2025 11:00;Dia;A;1657,5;0,821;89,59;3686,6
28-03-2025 12:00;Dia;A;1607,9;0,822;87,72;3622,7
28-03-2025 13:00;Dia;A;1689,2;0,888;88,51;3667,8
28-03-2025 14:00;Dia;A;1705,9;0,813;88,69;3637,5
28-03-2025 15:00;Dia;A;1673,2;0,818;88,34;3663,0
28-03-2025 16:00;Dia;A;1610,6;0,791;87,52;3625,2
28-03-2025 17:00;Dia;A;1651,3;0,864;86,54;3591,8
28-03-2025 18:00;Dia;A;1706,4;0,845;86,02;3724,2
28-03-2025 19:00;Dia;A;1632,3;0,805;87,03;3575,0
28-03-2025 20:00;Noche;A;1480,8;0,835;88,78;3547,4
28-03-2025 21:00;Noche;A;1512,5;0,819;86,96;3522,1
28-03-2025 22:00;Noche;A;1506,0;0,789;87,03;3529,8
28-03-2025 23:00;Noche;A;1572,1;0,866;87,64;3534,1
29-03-2025 00:00;Noche;A;1516,0;0,877;88,33;3507,3
29-03-2025 01:00;Noche;A;1523,8;0,934;88,10;3559,9
29-03-2025 02:00;Noche;A;1458,5;0,947;88,06;3487,1
29-03-2025 03:00;Noche;A;1554,7;0,943;88,54;3543,2
29-03-2025 04:00;Noche;A;1513,0;0,918;86,23;3565,8
29-03-2025 05:00;Noche;A;1424,4;0,854;86,09;3507,2
29-03-2025 06:00;Noche;A;1449,7;0,904;84,41;3505,5
29-03-2025 07:00;Noche;A;1471,6;0,905;83,06;3524,7
29-03-2025 08:00;Dia;A;1697,0;0,933;83,91;3723,1
29-03-2025 09:00;Dia;A;1682,7;0,916;83,44;3646,0
29-03-2025 10:00;Dia;A;1686,0;0,874;85,54;3670,8
29-03-2025 11:00;Dia;A;1712,8;0,833;87,36;3690,0
29-03-2025 12:00;Dia;A;1772,3;0,881;87,36;3659,0
29-03-2025 13:00;Dia;A;1744,5;0,929;87,70;3621,3
29-03-2025 14:00;Dia;A;1765,8;0,878;87,32;3710,5
29-03-2025 15:00;Dia;A;1755,2;0,876;87,21;3729,7
29-03-2025 16:00;Dia;A;1708,3;0,911;87,80;3673,2
29-03-2025 17:00;Dia;A;1684,1;0,827;87,72;3627,8
29-03-2025 18:00;Dia;A;1659,6;0,798;86,73;3605,0
29-03-2025 19:00;Dia;A;1597,9;0,746;85,45;3618,6
29-03-2025 20:00;Noche;A;1518,6;0,819;85,54;3524,9
29-03-2025 21:00;Noche;A;1438,5;0,819;86,84;3423,7
29-03-2025 22:00;Noche;A;1485,5;0,790;85,88;3536,7
29-03-2025 23:00;Noche;A;1512,8;0,724;87,21;3535,8
30-03-2025 00:00;Noche;A;1421,6;0,759;86,35;3484,2
30-03-2025 01:00;Noche;A;1380,6;0,837;88,10;3483,9
30-03-2025 02:00;Noche;A;1376,7;0,829;85,71;3493,2
30-03-2025 03:00;Noche;A;1407,7;0,825;84,91;3485,8
30-03-2025 04:00;Noche;A;1447,1;0,876;86,21;3485,2
30-03-2025 05:00;Noche;A;1462,3;0,825;86,58;3424,9
30-03-2025 06:00;Noche;A;1507,5;0,858;86,49;3546,3
30-03-2025 07:00;Noche;A;1480,0;0,903;89,33;3515,6
30-03-2025 08:00;Dia;A;1615,1;0,867;88,36;3657,3
30-03-2025 09:00;Dia;A;1552,2;0,844;88,13;3619,2
30-03-2025 10:00;Dia;A;1603,2;0,877;87,31;3622,7
30-03-2025 11:00;Dia;A;1614,7;0,875;89,46;3664,5
30-03-2025 12:00;Dia;A;1597,2;0,863;89,76;3600,0
30-03-2025 13:00;Dia;A;1647,1;0,870;89,52;3631,7
30-03-2025 14:00;Dia;A;1660,6;0,869;86,86;3608,9
30-03-2025 15:00;Dia;A;1518,8;0,810;87,32;3539,1
30-03-2025 16:00;Dia;A;1527,6;0,784;86,60;3561,6
30-03-2025 17:00;Dia;A;1466,7;0,814;87,42;3552,6
30-03-2025 18:00;Dia;A;1522,6;0,857;88,61;3517,1
30-03-2025 19:00;Dia;A;1620,8;0,889;87,26;3632,3
30-03-2025 20:00;Noche;A;1445,5;0,807;86,93;3578,2
30-03-2025 21:00;Noche;A;1427,5;0,850;87,98;3426,7
30-03-2025 22:00;Noche;A;1400,1;0,862;87,58;3448,5
30-03-2025 23:00;Noche;A;1405,9;0,837;86,49;3461,3
31-03-2025 00:00;Noche;A;1494,9;0,851;85,07;3552,9
31-03-2025 01:00;Noche;A;1539,3;0,881;84,79;3617,7
31-03-2025 02:00;Noche;A;1481,2;0,946;84,18;3554,6
31-03-2025 03:00;Noche;A;1549,8;;85,81;3551,5
31-03-2025 04:00;Noche;A;1500,9;0,894;86,27;3493,3
31-03-2025 05:00;Noche;A;1519,7;0,884;84,84;3537,5
31-03-2025 06:00;Noche;A;1575,1;0,880;85,53;3575,6
31-03-2025 07:00;Noche;A;1601,5;0,940;84,86;3605,7
31-03-2025 08:00;Dia;A;1674,5;0,959;82,05;3611,3
31-03-2025 09:00;Dia;A;1650,7;0,887;85,36;3689,5
31-03-2025 10:00;Dia;A;1643,1;0,877;87,59;3602,5
31-03-2025 11:00;Dia;A;1653,6;0,890;85,93;3662,8
31-03-2025 12:00;Dia;A;1709,5;0,819;85,41;3680,4
31-03-2025 13:00;Dia;A;1645,7;0,876;86,84;3591,4
31-03-2025 14:00;Dia;A;1667,7;0,858;86,69;3647,3
31-03-2025 15:00;Dia;A;1685,6;0,853;86,03;3654,7
31-03-2025 16:00;Dia;A;1692,0;0,852;86,02;3648,4
31-03-2025 17:00;Dia;A;1688,2;0,913;86,65;3680,4
31-03-2025 18:00;Dia;A;1725,2;0,863;86,05;3652,3
31-03-2025 19:00;Dia;A;1706,2;0,816;86,42;3750,5
31-03-2025 20:00;Noche;A;1584,8;0,883;86,59;3619,3
31-03-2025 21:00;Noche;A;1570,0;0,821;85,34;3531,1
31-03-2025 22:00;Noche;A;1610,3;0,788;85,49;3495,2
31-03-2025 23:00;Noche;A;1486,6;0,736;83,28;3557,5
01-04-2025 00:00;Noche;A;1529,7;0,823;86,34;3546,2
01-04-2025 01:00;Noche;A;1500,4;0,840;84,12;3522,1
01-04-2025 02:00;Noche;A;1481,8;0,865;84,86;3472,1
01-04-2025 03:00;Noche;A;1443,4;0,871;85,78;3432,9
01-04-2025 04:00;Noche;A;1381,8;0,867;86,42;3381,2
01-04-2025 05:00;Noche;A;1402,7;0,841;86,54;3563,2
01-04-2025 06:00;Noche;A;1409,8;0,831;87,93;3534,6
01-04-2025 07:00;Noche;A;1468,4;0,881;86,32;3493,2
01-04-2025 08:00;Dia;A;1552,3;0,896;86,62;3639,2
01-04-2025 09:00;Dia;A;1648,6;0,970;87,55;3561,5
01-04-2025 10:00;Dia;A;1672,4;0,902;86,74;3673,8
01-04-2025 11:00;Dia;A;1667,3;0,872;86,27;3672,1
01-04-2025 12:00;Dia;A;1641,8;0,827;88,13;3598,0
01-04-2025 13:00;Dia;A;1616,2;0,903;87,50;3596,9
01-04-2025 14:00;Dia;A;1578,5;0,822;86,64;3550,2
01-04-2025 15:00;Dia;A;1570,2;0,861;86,87;3583,9
01-04-2025 16:00;Dia;A;1582,2;0,906;87,17;3636,7
01-04-2025 17:00;Dia;A;1578,8;0,855;87,28;3619,7
01-04-2025 18:00;Dia;A;1520,1;0,862;87,04;3558,4
01-04-2025 19:00;Dia;A;1520,7;0,737;86,73;3582,0
01-04-2025 20:00;Noche;A;1372,2;0,745;86,66;3377,9
01-04-2025 21:00;Noche;A;1393,6;0,694;86,60;3531,8
01-04-2025 22:00;Noche;A;1481,1;0,750;88,08;3506,2
01-04-2025 23:00;Noche;A;1495,7;0,777;86,20;3466,4
02-04-2025 00:00;Noche;A;1469,5;0,763;87,82;3484,9
02-04-2025 01:00;Noche;A;1398,0;0,837;86,75;3431,0
02-04-2025 02:00;Noche;A;1357,3;0,858;87,30;3434,9
02-04-2025 03:00;Noche;A;1320,0;0,837;86,84;3421,9
02-04-2025 04:00;Noche;A;1398,2;0,832;86,10;3373,2
02-04-2025 05:00;Noche;A;1398,9;0,791;83,50;3511,9
02-04-2025 06:00;Noche;A;1438,5;0,830;86,68;3557,2
02-04-2025 07:00;Noche;A;1443,0;0,956;86,46;3458,9
02-04-2025 08:00;Dia;A;1598,9;0,900;85,59;3653,1
02-04-2025 09:00;Dia;A;1682,4;;87,69;3699,2
02-04-2025 10:00;Dia;A;1657,5;0,883;87,57;3676,4
02-04-2025 11:00;Dia;A;1652,2;0,919;90,10;3697,7
02-04-2025 12:00;Dia;A;1626,5;0,918;91,27;3568,2
02-04-2025 13:00;Dia;A;1674,5;0,881;90,62;3677,3
02-04-2025 14:00;Dia;A;1626,6;0,786;89,24;3580,9
02-04-2025 15:00;Dia;A;1581,6;0,784;89,33;3678,6
02-04-2025 16:00;Dia;A;1532,2;0,853;87,28;3519,5
02-04-2025 17:00;Dia;A;1489,7;0,822;87,33;3480,6
02-04-2025 18:00;Dia;A;1532,4;0,840;87,47;3592,6
02-04-2025 19:00;Dia;A;1649,0;0,798;86,41;3642,9
02-04-2025 20:00;Noche;A;1464,1;0,713;86,19;3503,0
02-04-2025 21:00;Noche;A;1495,8;0,769;84,56;3524,2
02-04-2025 22:00;Noche;A;1490,0;0,798;86,29;3536,7
02-04-2025 23:00;Noche;A;1429,8;0,778;87,50;3540,3
03-04-2025 00:00;Noche;A;1421,7;0,781;85,17;3442,6
03-04-2025 01:00;Noche;A;1420,6;0,818;85,68;3448,1
03-04-2025 02:00;Noche;A;1404,7;0,806;87,45;3438,8
03-04-2025 03:00;Noche;A;1507,5;0,847;87,48;3523,5
03-04-2025 04:00;Noche;A;1428,3;0,851;85,68;3480,1
03-04-2025 05:00;Noche;A;1469,6;0,763;84,17;3459,5
03-04-2025 06:00;Noche;A;1502,8;0,816;86,19;3543,3
03-04-2025 07:00;Noche;A;-999;0,828;88,53;3481,0
03-04-2025 08:00;Dia;A;1638,9;0,824;86,48;3610,5
03-04-2025 09:00;Dia;A;1690,4;0,876;87,01;3647,2
03-04-2025 10:00;Dia;A;1698,7;0,862;86,17;3654,5
03-04-2025 11:00;Dia;A;1715,0;0,896;86,57;3731,1
03-04-2025 12:00;Dia;A;1736,5;0,935;87,68;3750,8
03-04-2025 13:00;Dia;A;1635,0;0,907;87,65;3666,2
03-04-2025 14:00;Dia;A;1702,1;0,811;86,39;3725,8
03-04-2025 15:00;Dia;A;1781,5;0,788;89,15;3702,2
03-04-2025 16:00;Dia;A;1781,7;0,842;88,47;3764,1
03-04-2025 17:00;Dia;A;1778,5;0,815;87,61;3703,8
03-04-2025 18:00;Dia;A;1670,1;0,772;88,40;3644,2
03-04-2025 19:00;Dia;A;1639,4;0,778;87,67;3623,7
03-04-2025 20:00;Noche;A;1464,6;0,808;87,03;3451,5
03-04-2025 21:00;Noche;A;1431,6;0,814;87,86;3456,0
03-04-2025 22:00;Noche;A;1471,9;0,837;86,03;3496,2
03-04-2025 23:00;Noche;A;1428,8;0,788;86,61;3488,2
04-04-2025 00:00;Noche;A;1427,0;0,791;87,43;3468,0
04-04-2025 01:00;Noche;A;1354,3;0,800;87,50;3395,8
04-04-2025 02:00;Noche;A;1377,3;0,821;86,63;3399,7
04-04-2025 03:00;Noche;A;1409,7;0,747;85,81;3465,9
04-04-2025 04:00;Noche;A;1405,4;0,795;83,89;3420,5
04-04-2025 05:00;Noche;A;1406,2;0,777;84,40;3424,1
04-04-2025 06:00;Noche;A;1520,6;0,892;86,05;3538,9
04-04-2025 07:00;Noche;A;1479,9;0,965;87,83;3527,5
04-04-2025 08:00;Dia;A;1578,7;1,012;88,15;3553,3
04-04-2025 09:00;Dia;A;1574,4;0,998;87,55;3517,0
04-04-2025 10:00;Dia;A;1655,6;0,929;86,38;3647,8
04-04-2025 11:00;Dia;A;1753,4;0,952;87,07;3729,8
04-04-2025 12:00;Dia;A;1750,2;0,908;87,40;3681,7
04-04-2025 13:00;Dia;A;1700,5;0,914;89,10;3651,6
04-04-2025 14:00;Dia;A;1671,2;0,843;88,25;3558,3
04-04-2025 15:00;Dia;A;1707,3;0,812;87,18;3701,3
04-04-2025 16:00;Dia;A;1646,6;0,836;87,22;3585,3
04-04-2025 17:00;Dia;A;1695,6;0,902;87,05;3681,7
04-04-2025 18:00;Dia;A;1726,6;0,855;86,64;3648,1
04-04-2025 19:00;Dia;A;1689,7;0,929;84,56;3639,1
04-04-2025 20:00;Noche;A;1563,6;;84,07;3556,3
04-04-2025 21:00;Noche;A;1562,0;0,846;83,06;3491,7
04-04-2025 22:00;Noche;A;1594,4;0,825;84,74;3682,6
04-04-2025 23:00;Noche;A;1510,3;0,776;84,82;3465,4
05-04-2025 00:00;Noche;A;1543,2;0,791;85,33;3549,0
05-04-2025 01:00;Noche;A;1505,8;0,787;86,75;3491,2
05-04-2025 02:00;Noche;A;1465,4;0,813;85,15;3489,2
05-04-2025 03:00;Noche;A;1476,3;0,879;87,10;3559,1
05-04-2025 04:00;Noche;A;1475,9;0,920;87,43;3438,3
05-04-2025 05:00;Noche;A;1447,9;0,917;86,22;3489,2
05-04-2025 06:00;Noche;A;1405,6;0,908;88,14;3490,2
05-04-2025 07:00;Noche;A;1404,9;0,910;85,97;3478,7
05-04-2025 08:00;Dia;A;1627,6;0,913;85,13;3630,2
05-04-2025 09:00;Dia;A;1727,4;0,933;85,91;3651,0
05-04-2025 10:00;Dia;A;1747,4;0,916;87,02;3631,5
05-04-2025 11:00;Dia;A;1783,8;0,925;87,16;3667,7
05-04-2025 12:00;Dia;A;1737,4;0,844;84,47;3673,6
05-04-2025 13:00;Dia;A;1717,7;0,887;85,61;3704,8
05-04-2025 14:00;Dia;A;1714,0;0,946;86,76;3676,1
05-04-2025 15:00;Dia;A;1649,3;0,903;90,07;3692,0
05-04-2025 16:00;Dia;A;1599,8;0,803;90,18;3601,7
05-04-2025 17:00;Dia;A;1603,6;0,866;89,43;3604,7
05-04-2025 18:00;Dia;A;1584,6;0,822;86,98;3590,1
05-04-2025 19:00;Dia;A;1535,6;0,677;86,40;3483,2
05-04-2025 20:00;Noche;A;1437,2;0,720;84,95;3507,0
05-04-2025 21:00;Noche;A;1424,6;0,781;85,83;3432,6
05-04-2025 22:00;Noche;A;1469,0;0,808;86,41;3485,9
05-04-2025 23:00;Noche;A;1460,2;0,865;86,02;3582,8
06-04-2025 00:00;Noche;A;1373,5;0,874;86,35;3392,6
06-04-2025 01:00;Noche;A;1382,1;0,862;85,73;3449,8
06-04-2025 02:00;Noche;A;1380,2;0,769;84,56;3456,4
06-04-2025 03:00;Noche;A;1362,5;0,762;86,67;3441,2
06-04-2025 04:00;Noche;A;1365,2;0,822;87,23;3440,6
06-04-2025 05:00;Noche;A;1420,3;0,882;86,72;3456,3
06-04-2025 06:00;Noche;A;1461,7;0,843;85,49;3581,9
06-04-2025 07:00;Noche;A;1523,1;0,842;86,11;3471,2
06-04-2025 08:00;Dia;A;1566,6;0,890;87,32;3538,3
06-04-2025 09:00;Dia;A;1565,3;0,810;87,82;3635,3
06-04-2025 10:00;Dia;A;1563,6;0,762;88,94;3600,7
06-04-2025 11:00;Dia;A;1585,9;0,807;88,93;3565,7
06-04-2025 12:00;Dia;A;1574,1;0,849;87,18;3553,8
06-04-2025 13:00;Dia;A;1559,5;0,833;89,65;3569,0
06-04-2025 14:00;Dia;A;1598,9;0,737;89,59;3702,0
06-04-2025 15:00;Dia;A;1598,4;0,781;89,75;3618,2
06-04-2025 16:00;Dia;A;1536,7;0,740;89,99;3519,6
06-04-2025 17:00;Dia;A;1590,7;0,800;87,24;3598,4
06-04-2025 18:00;Dia;A;1612,8;0,796;86,59;3576,1
06-04-2025 19:00;Dia;A;1559,8;0,808;86,03;3620,9
06-04-2025 20:00;Noche;A;1456,5;0,830;87,71;3508,2
06-04-2025 21:00;Noche;A;1401,8;0,792;85,50;3508,5
06-04-2025 22:00;Noche;A;1438,8;0,833;85,50;3487,8
06-04-2025 23:00;Noche;A;1411,1;0,879;87,74;3540,8
07-04-2025 00:00;Noche;A;1438,1;0,871;87,78;3495,2
07-04-2025 01:00;Noche;A;1427,1;0,915;86,84;3483,9
07-04-2025 02:00;Noche;A;1406,4;0,858;88,47;3422,9
07-04-2025 03:00;Noche;A;1435,8;0,902;86,13;3465,7
07-04-2025 04:00;Noche;A;1462,0;0,903;86,72;3515,2
07-04-2025 05:00;Noche;A;1480,4;0,852;86,04;3495,9
07-04-2025 06:00;Noche;A;1473,7;0,869;86,86;3608,2
07-04-2025 07:00;Noche;A;1341,8;0,860;86,39;3434,6
07-04-2025 08:00;Dia;A;1523,2;;85,55;3521,4
07-04-2025 09:00;Dia;A;1487,1;0,879;86,54;3568,0
07-04-2025 10:00;Dia;A;1550,1;0,934;85,64;3551,3
07-04-2025 11:00;Dia;A;1633,6;0,898;86,95;3639,9
07-04-2025 12:00;Dia;A;1657,9;0,893;86,88;3636,4
07-04-2025 13:00;Dia;A;1645,0;0,813;87,87;3604,1
07-04-2025 14:00;Dia;A;1640,1;0,833;87,25;3680,0
07-04-2025 15:00;Dia;A;1633,7;0,885;86,83;3624,9
07-04-2025 16:00;Dia;A;1606,6;0,892;87,66;3643,5
07-04-2025 17:00;Dia;A;1580,1;0,876;88,96;3569,9
07-04-2025 18:00;Dia;A;1541,7;0,819;85,47;3501,6
07-04-2025 19:00;Dia;A;1598,0;0,765;85,76;3540,4
07-04-2025 20:00;Noche;A;1467,1;0,774;86,69;3483,9
07-04-2025 21:00;Noche;A;1498,3;0,725;84,40;3513,5
07-04-2025 22:00;Noche;A;1470,9;0,705;83,64;3503,6
07-04-2025 23:00;Noche;A;1464,9;0,795;85,53;3516,1
08-04-2025 00:00;Noche;A;1452,5;0,767;84,38;3441,3
08-04-2025 01:00;Noche;A;1473,0;0,878;84,65;3510,4
08-04-2025 02:00;Noche;A;1507,8;0,802;86,74;3478,1
08-04-2025 03:00;Noche;A;1513,8;0,849;85,43;3504,1
08-04-2025 04:00;Noche;A;1484,8;0,810;84,37;3612,1
08-04-2025 05:00;Noche;A;1463,3;0,853;82,49;3552,6
08-04-2025 06:00;Noche;A;1554,0;0,826;82,56;3549,7
08-04-2025 07:00;Noche;A;1544,0;0,862;82,84;3628,5
08-04-2025 08:00;Dia;A;1658,7;0,874;86,53;3688,3
08-04-2025 09:00;Dia;A;1729,9;0,866;88,16;3714,8
08-04-2025 10:00;Dia;A;1767,7;0,902;86,53;3762,1
08-04-2025 11:00;Dia;A;1771,7;0,962;89,67;3700,6
08-04-2025 12:00;Dia;A;1733,2;0,896;89,58;3681,9
08-04-2025 13:00;Dia;A;1816,7;0,920;88,80;3705,3
08-04-2025 14:00;Dia;A;1792,9;0,891;89,26;3744,2
08-04-2025 15:00;Dia;A;1776,9;0,864;88,94;3662,5
08-04-2025 16:00;Dia;A;1729,9;0,942;87,92;3659,4
08-04-2025 17:00;Dia;A;1637,7;0,785;84,85;3635,9
08-04-2025 18:00;Dia;A;1567,7;0,762;84,35;3552,8
08-04-2025 19:00;Dia;A;1584,7;0,697;84,73;3592,6
08-04-2025 20:00;Noche;A;1474,2;0,727;84,86;3577,4
08-04-2025 21:00;Noche;A;1453,4;0,748;84,41;3455,2
08-04-2025 22:00;Noche;A;1398,5;0,942;87,18;3510,0
08-04-2025 23:00;Noche;A;1347,0;0,899;85,40;3397,6
09-04-2025 00:00;Noche;A;1357,5;0,945;87,01;3394,1
09-04-2025 01:00;Noche;A;1321,2;0,954;86,23;3416,1
09-04-2025 02:00;Noche;A;1396,9;0,888;86,02;3494,8
09-04-2025 03:00;Noche;A;1469,1;0,899;84,77;3475,2
09-04-2025 04:00;Noche;A;1598,4;0,964;85,72;3557,3
09-04-2025 05:00;Noche;A;1618,2;0,938;85,05;3583,5
09-04-2025 06:00;Noche;A;1575,5;0,929;83,63;3549,4
09-04-2025 07:00;Noche;A;1535,4;0,939;85,00;3562,2
09-04-2025 08:00;Dia;A;1519,5;0,856;85,35;3521,0
09-04-2025 09:00;Dia;A;1539,0;0,840;86,89;3553,0
09-04-2025 10:00;Dia;A;1571,4;0,880;87,55;3598,1
09-04-2025 11:00;Dia;A;1642,7;0,907;86,50;3614,2
09-04-2025 12:00;Dia;A;1679,0;0,851;85,96;3696,8
09-04-2025 13:00;Dia;A;1701,9;0,841;83,59;3641,1
09-04-2025 14:00;Dia;A;1699,3;0,838;83,81;3634,6
09-04-2025 15:00;Dia;A;1711,5;0,829;86,73;3747,1
09-04-2025 16:00;Dia;A;1748,9;0,856;88,89;3747,5
09-04-2025 17:00;Dia;A;1666,6;0,840;89,04;3639,1
09-04-2025 18:00;Dia;A;1626,2;0,829;88,50;3639,8
09-04-2025 19:00;Dia;A;1553,2;0,751;88,00;3572,8
09-04-2025 20:00;Noche;A;1502,2;0,724;87,59;3505,9
09-04-2025 21:00;Noche;A;1538,9;0,771;85,02;3571,3
09-04-2025 22:00;Noche;A;1543,4;0,714;83,90;3558,1
09-04-2025 23:00;Noche;A;1465,9;0,770;86,13;3546,0
10-04-2025 00:00;Noche;A;1467,7;0,764;87,17;3427,9
10-04-2025 01:00;Noche;A;1455,2;0,760;86,66;3521,3
10-04-2025 02:00;Noche;A;1463,1;0,830;86,12;3503,1
10-04-2025 03:00;Noche;A;1462,4;0,815;85,40;3472,1
10-04-2025 04:00;Noche;A;1496,4;0,805;84,81;3505,5
10-04-2025 05:00;Noche;A;1488,2;0,812;84,15;3504,2
10-04-2025 06:00;Noche;A;1538,8;0,853;82,86;3503,8
10-04-2025 07:00;Noche;A;1554,6;0,997;85,36;3545,2
10-04-2025 08:00;Dia;A;1666,6;0,860;84,89;3669,0
10-04-2025 09:00;Dia;A;1669,6;0,877;85,59;3586,0
10-04-2025 10:00;Dia;A;1658,3;0,874;88,29;3624,2
10-04-2025 11:00;Dia;A;1701,4;0,922;88,94;3576,6
10-04-2025 12:00;Dia;A;1685,9;0,884;87,46;3635,4
10-04-2025 13:00;Dia;A;1694,8;0,763;87,52;3677,3
10-04-2025 14:00;Dia;A;1668,5;0,860;86,11;3643,0
10-04-2025 15:00;Dia;A;-999;0,799;87,56;3601,1
10-04-2025 16:00;Dia;A;1641,2;0,805;87,71;3581,1
10-04-2025 17:00;Dia;A;1586,2;0,745;86,81;3608,2
10-04-2025 18:00;Dia;A;1613,6;0,721;87,17;3566,1
10-04-2025 19:00;Dia;A;1619,7;0,732;88,49;3635,7
10-04-2025 20:00;Noche;A;1414,5;0,798;87,28;3479,1
10-04-2025 21:00;Noche;A;1379,1;0,835;85,82;3432,0
10-04-2025 22:00;Noche;A;1370,4;0,793;88,15;3495,7
10-04-2025 23:00;Noche;A;1352,0;0,823;87,33;3411,7
11-04-2025 00:00;Noche;A;1325,4;0,806;88,32;3448,7
11-04-2025 01:00;Noche;A;1389,4;0,824;86,49;3453,8
11-04-2025 02:00;Noche;A;1400,3;;86,68;3457,8
11-04-2025 03:00;Noche;A;1439,4;0,880;85,76;3522,0
11-04-2025 04:00;Noche;A;1439,2;0,851;86,46;3503,0
11-04-2025 05:00;Noche;A;1474,8;0,861;86,03;3511,0
11-04-2025 06:00;Noche;A;1461,3;0,886;85,50;3501,5
11-04-2025 07:00;Noche;A;1485,2;0,897;87,87;3532,0
11-04-2025 08:00;Dia;A;1651,3;0,863;87,72;3633,1
11-04-2025 09:00;Dia;A;1664,8;0,957;85,58;3628,3
11-04-2025 10:00;Dia;A;1654,0;0,908;85,88;3596,5
11-04-2025 11:00;Dia;A;1618,4;0,931;85,64;3516,6
11-04-2025 12:00;Dia;A;1642,1;0,914;85,00;3625,9
11-04-2025 13:00;Dia;A;1664,1;0,944;85,64;3634,1
11-04-2025 14:00;Dia;A;1651,1;0,802;85,19;3680,2
11-04-2025 15:00;Dia;A;1615,3;0,907;86,65;3627,1
11-04-2025 16:00;Dia;A;1638,7;0,858;85,83;3665,4
11-04-2025 17:00;Dia;A;1733,0;0,780;83,71;3743,6
11-04-2025 18:00;Dia;A;1682,5;0,794;84,30;3639,1
11-04-2025 19:00;Dia;A;1667,9;0,895;86,80;3599,1
11-04-2025 20:00;Noche;A;1536,1;0,872;85,04;3577,5
11-04-2025 21:00;Noche;A;1402,1;0,782;85,79;3438,2
11-04-2025 22:00;Noche;A;1414,5;0,770;86,22;3456,9
11-04-2025 23:00;Noche;A;1389,9;0,848;85,84;3504,9
12-04-2025 00:00;Noche;A;1461,6;0,773;85,73;3515,2
12-04-2025 01:00;Noche;A;1449,8;0,793;84,76;3529,0
12-04-2025 02:00;Noche;A;1423,0;0,805;84,60;3420,7
12-04-2025 03:00;Noche;A;1431,1;0,928;84,48;3480,2
12-04-2025 04:00;Noche;A;1458,1;0,891;85,55;3540,6
12-04-2025 05:00;Noche;A;1452,6;0,948;87,81;3448,9
12-04-2025 06:00;Noche;A;1474,0;0,894;86,28;3521,5
12-04-2025 07:00;Noche;A;1439,0;0,861;87,68;3510,7
12-04-2025 08:00;Dia;A;1582,8;0,924;85,14;3499,8
12-04-2025 09:00;Dia;A;1644,1;0,941;85,07;3688,6
12-04-2025 10:00;Dia;A;1740,3;0,842;84,31;3662,4
12-04-2025 11:00;Dia;A;1758,5;0,890;87,81;3696,7
12-04-2025 12:00;Dia;A;1751,6;0,911;87,17;3761,9
12-04-2025 13:00;Dia;A;1781,4;0,860;88,06;3648,1
12-04-2025 14:00;Dia;A;1792,8;0,863;85,43;3739,7
12-04-2025 15:00;Dia;A;1823,8;0,861;86,39;3722,3
12-04-2025 16:00;Dia;A;1817,8;0,820;87,22;3734,8
12-04-2025 17:00;Dia;A;1758,1;0,788;86,89;3662,1
12-04-2025 18:00;Dia;A;1724,9;0,763;83,37;3721,4
12-04-2025 19:00;Dia;A;1693,1;0,765;84,73;3604,2
12-04-2025 20:00;Noche;A;1551,8;0,718;85,93;3570,0
12-04-2025 21:00;Noche;A;1530,2;0,750;87,52;3560,9
12-04-2025 22:00;Noche;A;1472,4;0,706;86,92;3499,1
12-04-2025 23:00;Noche;A;1374,7;0,756;84,45;3430,4
13-04-2025 00:00;Noche;A;1293,8;0,782;84,65;3380,2
13-04-2025 01:00;Noche;A;1232,1;0,759;85,85;3391,3
13-04-2025 02:00;Noche;A;1277,8;0,837;85,06;3399,1
13-04-2025 03:00;Noche;A;1314,0;0,935;86,56;3403,2
13-04-2025 04:00;Noche;A;1275,4;0,968;86,10;3343,4
13-04-2025 05:00;Noche;A;1350,5;0,870;85,87;3440,4
13-04-2025 06:00;Noche;A;1418,6;0,938;87,37;3499,9
13-04-2025 07:00;Noche;A;1440,9;0,931;86,31;3495,4
13-04-2025 08:00;Dia;A;1646,2;0,915;89,97;3681,4
13-04-2025 09:00;Dia;A;1720,1;0,881;88,88;3602,5
13-04-2025 10:00;Dia;A;1646,6;0,886;88,68;3726,2
13-04-2025 11:00;Dia;A;1684,5;0,947;87,68;3649,2
13-04-2025 12:00;Dia;A;1685,7;0,938;87,82;3614,0
13-04-2025 13:00;Dia;A;1682,4;0,884;87,24;3588,5
13-04-2025 14:00;Dia;A;1697,5;0,836;85,38;3695,9
13-04-2025 15:00;Dia;A;1634,7;0,815;84,21;3643,9
13-04-2025 16:00;Dia;A;1588,1;0,843;85,87;3582,5
13-04-2025 17:00;Dia;A;1538,6;0,910;86,66;3555,3
13-04-2025 18:00;Dia;A;1500,2;0,813;83,19;3536,7
13-04-2025 19:00;Dia;A;1495,5;0,804;81,90;3508,1
13-04-2025 20:00;Noche;A;1312,4;0,781;83,12;3451,7
13-04-2025 21:00;Noche;A;1280,8;0,754;83,97;3409,6
13-04-2025 22:00;Noche;A;1325,0;0,792;85,53;3406,7
13-04-2025 23:00;Noche;A;1332,0;0,825;84,25;3352,1
14-04-2025 00:00;Noche;A;1428,7;0,760;85,10;3526,0
14-04-2025 01:00;Noche;A;1356,4;0,747;84,67;3411,4
14-04-2025 02:00;Noche;A;1352,8;0,846;84,81;3389,2
14-04-2025 03:00;Noche;A;1364,2;0,868;85,13;3486,5
14-04-2025 04:00;Noche;A;-999;0,894;86,80;3482,6
14-04-2025 05:00;Noche;A;1409,7;0,868;87,09;3394,5
14-04-2025 06:00;Noche;A;1483,3;0,863;87,81;3456,6
14-04-2025 07:00;Noche;A;1500,4;0,900;86,68;3518,5
14-04-2025 08:00;Dia;A;1639,0;0,878;86,32;3574,6
14-04-2025 09:00;Dia;A;1654,3;0,838;84,97;3628,5
14-04-2025 10:00;Dia;A;1695,0;0,863;85,27;3761,0
14-04-2025 11:00;Dia;A;1675,0;0,913;85,92;3763,6
14-04-2025 12:00;Dia;A;1724,7;0,848;85,71;3680,0
14-04-2025 13:00;Dia;A;1730,9;0,900;87,57;3715,4
14-04-2025 14:00;Dia;A;1718,6;0,907;88,19;3710,0
14-04-2025 15:00;Dia;A;1700,0;0,834;88,49;3658,2
14-04-2025 16:00;Dia;A;1701,4;0,827;88,09;3605,0
14-04-2025 17:00;Dia;A;1718,4;0,816;88,87;3709,7
14-04-2025 18:00;Dia;A;1724,0;0,836;88,28;3662,4
14-04-2025 19:00;Dia;A;1700,7;0,847;88,84;3668,9
14-04-2025 20:00;Noche;A;1581,7;0,764;88,00;3601,9
14-04-2025 21:00;Noche;A;1549,1;0,718;87,70;3521,6
14-04-2025 22:00;Noche;A;1572,2;0,801;87,14;3628,8
14-04-2025 23:00;Noche;A;1536,8;0,810;85,08;3544,4
15-04-2025 00:00;Noche;A;1426,5;0,833;83,65;3481,3
15-04-2025 01:00;Noche;A;1490,3;0,849;86,86;3496,3
15-04-2025 02:00;Noche;A;1490,7;0,917;87,25;3541,2
15-04-2025 03:00;Noche;A;1441,8;0,839;86,86;3524,3
15-04-2025 04:00;Noche;A;1450,9;0,904;86,61;3472,7
15-04-2025 05:00;Noche;A;1433,6;0,859;85,67;3508,3
15-04-2025 06:00;Noche;A;1550,2;0,908;89,63;3545,0
15-04-2025 07:00;Noche;A;1574,0;0,964;87,47;3532,5
15-04-2025 08:00;Dia;A;1627,6;0,874;86,80;3602,9
15-04-2025 09:00;Dia;A;1668,1;0,903;87,00;3666,2
15-04-2025 10:00;Dia;A;1658,9;0,886;85,70;3660,3
15-04-2025 11:00;Dia;A;1748,3;0,872;84,79;3737,0
15-04-2025 12:00;Dia;A;1688,3;0,874;85,04;3633,5
15-04-2025 13:00;Dia;A;1589,9;0,820;85,33;3586,2
15-04-2025 14:00;Dia;A;1609,2;0,788;85,33;3611,2
15-04-2025 15:00;Dia;A;1601,6;0,837;87,27;3625,5
15-04-2025 16:00;Dia;A;1588,2;0,866;86,01;3586,6
15-04-2025 17:00;Dia;A;1501,0;0,814;86,67;3498,0
15-04-2025 18:00;Dia;A;1539,2;0,742;88,02;3495,7
15-04-2025 19:00;Dia;A;1616,6;0,868;89,06;3644,5
15-04-2025 20:00;Noche;A;1401,6;0,883;86,79;3504,1
15-04-2025 21:00;Noche;A;1458,3;0,859;82,97;3470,8
15-04-2025 22:00;Noche;A;1427,5;0,787;84,80;3531,5
15-04-2025 23:00;Noche;A;1528,1;0,771;85,58;3533,8
16-04-2025 00:00;Noche;A;1525,4;0,804;84,94;3551,5
16-04-2025 01:00;Noche;A;1500,5;0,775;86,48;3567,3
16-04-2025 02:00;Noche;A;1540,2;0,879;86,11;3526,7
16-04-2025 03:00;Noche;A;1550,2;0,878;86,14;3523,6
16-04-2025 04:00;Noche;A;1515,7;0,894;84,93;3468,0
16-04-2025 05:00;Noche;A;1549,1;0,845;85,54;3569,5
16-04-2025 06:00;Noche;A;1527,3;0,827;85,15;3564,6
16-04-2025 07:00;Noche;A;1460,7;0,825;84,98;3542,2
16-04-2025 08:00;Dia;A;1693,9;0,871;87,15;3679,8
16-04-2025 09:00;Dia;A;1680,2;0,872;87,34;3654,7
16-04-2025 10:00;Dia;A;1659,2;0,868;85,47;3683,4
16-04-2025 11:00;Dia;A;1682,2;0,889;87,17;3616,0
16-04-2025 12:00;Dia;A;1617,5;0,892;88,36;3630,3
16-04-2025 13:00;Dia;A;1574,3;0,943;87,40;3607,8
16-04-2025 14:00;Dia;A;1573,7;0,890;86,85;3582,1
16-04-2025 15:00;Dia;A;1567,8;0,818;86,79;3646,9
16-04-2025 16:00;Dia;A;1583,4;0,818;86,61;3605,0
16-04-2025 17:00;Dia;A;1634,5;0,878;87,24;3668,5
16-04-2025 18:00;Dia;A;1601,5;0,818;87,60;3627,7
16-04-2025 19:00;Dia;A;1613,7;0,809;86,52;3591,2
16-04-2025 20:00;Noche;A;-999;0,786;88,75;3601,4
16-04-2025 21:00;Noche;A;1441,1;0,808;86,87;3527,9
16-04-2025 22:00;Noche;A;-999;0,816;85,83;3488,8
16-04-2025 23:00;Noche;A;1405,3;0,777;87,89;3455,7
17-04-2025 00:00;Noche;A;1459,7;0,787;89,76;3454,1
17-04-2025 01:00;Noche;A;1478,2;0,850;88,39;3499,8
17-04-2025 02:00;Noche;A;1477,8;0,898;87,35;3497,4
17-04-2025 03:00;Noche;A;1425,1;0,923;85,67;3483,7
17-04-2025 04:00;Noche;A;1451,5;0,940;87,37;3478,4
17-04-2025 05:00;Noche;A;1439,0;0,901;87,00;3511,5
17-04-2025 06:00;Noche;A;1495,8;0,882;85,65;3524,9
17-04-2025 07:00;Noche;A;1507,3;0,931;86,80;3477,9
17-04-2025 08:00;Dia;A;1609,3;0,866;88,18;3585,1
17-04-2025 09:00;Dia;A;1670,3;0,878;88,58;3610,4
17-04-2025 10:00;Dia;A;1707,7;0,803;90,23;3621,2
17-04-2025 11:00;Dia;A;1679,5;0,822;90,42;3643,8
17-04-2025 12:00;Dia;A;1729,7;0,814;89,60;3720,0
17-04-2025 13:00;Dia;A;1702,8;0,781;88,41;3625,3
17-04-2025 14:00;Dia;A;-999;0,835;88,83;3575,0
17-04-2025 15:00;Dia;A;1673,2;0,801;89,47;3640,3
17-04-2025 16:00;Dia;A;1627,8;0,792;89,45;3729,9
17-04-2025 17:00;Dia;A;1602,1;0,787;89,61;3574,5
17-04-2025 18:00;Dia;A;1590,3;0,760;88,48;3597,1
17-04-2025 19:00;Dia;A;1649,0;0,838;88,94;3604,2
17-04-2025 20:00;Noche;A;1569,1;0,796;89,12;3600,3
17-04-2025 21:00;Noche;A;1523,9;0,804;87,68;3592,0
17-04-2025 22:00;Noche;A;1568,3;0,745;84,99;3556,6
17-04-2025 23:00;Noche;A;1533,2;0,753;87,20;3584,8
18-04-2025 00:00;Noche;A;1526,9;0,769;87,16;3494,1
18-04-2025 01:00;Noche;A;1546,7;0,785;85,93;3556,0
18-04-2025 02:00;Noche;A;1540,7;0,788;85,95;3497,1
18-04-2025 03:00;Noche;A;1630,0;0,828;85,64;3610,0
18-04-2025 04:00;Noche;A;1610,6;0,918;84,14;3569,9
18-04-2025 05:00;Noche;A;1540,2;0,898;84,69;3561,7
18-04-2025 06:00;Noche;A;1596,9;0,890;83,63;3548,1
18-04-2025 07:00;Noche;A;1570,8;0,877;84,99;3586,6
18-04-2025 08:00;Dia;A;1678,3;1,000;86,31;3651,7
18-04-2025 09:00;Dia;A;1557,6;1,026;88,39;3553,2
18-04-2025 10:00;Dia;A;1634,9;0,991;87,92;3594,2
18-04-2025 11:00;Dia;A;1684,1;0,974;88,32;3611,3
18-04-2025 12:00;Dia;A;1718,0;0,897;87,40;3662,9
18-04-2025 13:00;Dia;A;1747,7;0,873;86,92;3711,3
18-04-2025 14:00;Dia;A;1795,8;0,870;85,48;3719,5
18-04-2025 15:00;Dia;A;1754,3;0,858;87,39;3702,9
18-04-2025 16:00;Dia;A;1759,6;0,802;87,23;3746,2
18-04-2025 17:00;Dia;A;1688,3;0,770;86,17;3638,4
18-04-2025 18:00;Dia;A;1646,9;0,806;86,73;3633,1
18-04-2025 19:00;Dia;A;1671,5;0,814;86,16;3665,7
18-04-2025 20:00;Noche;A;1539,4;0,711;84,70;3569,0
18-04-2025 21:00;Noche;A;1456,5;0,753;85,52;3510,2
18-04-2025 22:00;Noche;A;1465,3;0,831;87,40;3502,0
18-04-2025 23:00;Noche;A;1450,1;0,793;86,18;3561,9
19-04-2025 00:00;Noche;A;1414,3;0,816;84,27;3462,9
19-04-2025 01:00;Noche;A;1443,3;0,760;83,66;3469,4
19-04-2025 02:00;Noche;A;1433,9;0,837;86,85;3502,1
19-04-2025 03:00;Noche;A;1382,5;0,799;85,15;3512,0
19-04-2025 04:00;Noche;A;-999;0,778;86,58;3497,1
19-04-2025 05:00;Noche;A;1483,0;0,813;86,07;3518,5
19-04-2025 06:00;Noche;A;1435,5;0,955;87,75;3522,7
19-04-2025 07:00;Noche;A;1476,4;0,903;87,01;3538,5
19-04-2025 08:00;Dia;A;1646,0;0,847;84,74;3630,3
19-04-2025 09:00;Dia;A;1685,8;0,891;85,33;3679,5
19-04-2025 10:00;Dia;A;1637,6;0,902;88,71;3650,3
19-04-2025 11:00;Dia;A;1638,3;0,967;88,46;3633,7
19-04-2025 12:00;Dia;A;1656,0;0,869;88,38;3705,5
19-04-2025 13:00;Dia;A;1693,7;0,794;87,18;3648,3
19-04-2025 14:00;Dia;A;1657,2;0,803;87,03;3692,0
19-04-2025 15:00;Dia;A;1603,4;0,832;87,61;3683,7
19-04-2025 16:00;Dia;A;1649,2;0,842;88,05;3710,1
19-04-2025 17:00;Dia;A;1683,2;0,874;90,50;3658,1
19-04-2025 18:00;Dia;A;1673,4;0,774;88,50;3631,5
19-04-2025 19:00;Dia;A;1621,5;0,747;87,20;3542,3
19-04-2025 20:00;Noche;A;1502,6;0,762;85,94;3524,4
19-04-2025 21:00;Noche;A;1489,5;0,814;84,57;3609,1
19-04-2025 22:00;Noche;A;1510,0;0,829;83,21;3467,1
19-04-2025 23:00;Noche;A;1438,9;0,802;84,84;3422,6
20-04-2025 00:00;Noche;A;1375,2;0,765;82,61;3473,5
20-04-2025 01:00;Noche;A;1371,5;0,836;85,72;3463,3
20-04-2025 02:00;Noche;A;1333,0;0,883;86,96;3347,5
20-04-2025 03:00;Noche;A;1364,4;0,994;86,83;3436,2
20-04-2025 04:00;Noche;A;1385,1;0,933;85,00;3466,8
20-04-2025 05:00;Noche;A;1386,7;0,984;85,91;3399,9
20-04-2025 06:00;Noche;A;1426,1;0,890;85,79;3521,8
20-04-2025 07:00;Noche;A;1382,9;0,871;87,35;3411,0
20-04-2025 08:00;Dia;A;1530,5;0,855;86,11;3599,1
20-04-2025 09:00;Dia;A;1573,0;0,854;85,95;3592,5
20-04-2025 10:00;Dia;A;1598,9;0,833;86,20;3576,1
20-04-2025 11:00;Dia;A;1650,5;0,832;86,22;3574,5
20-04-2025 12:00;Dia;A;1591,3;0,848;85,96;3586,6
20-04-2025 13:00;Dia;A;1530,7;0,833;84,39;3558,0
20-04-2025 14:00;Dia;A;1554,6;0,868;83,79;3570,3
20-04-2025 15:00;Dia;A;1577,0;0,848;84,33;3564,5
20-04-2025 16:00;Dia;A;1658,8;0,834;85,14;3627,4
20-04-2025 17:00;Dia;A;1652,3;0,887;87,39;3661,7
20-04-2025 18:00;Dia;A;1580,6;0,861;89,90;3546,2
20-04-2025 19:00;Dia;A;1593,8;0,838;90,55;3578,0
20-04-2025 20:00;Noche;A;1411,7;0,817;89,22;3487,7
20-04-2025 21:00;Noche;A;1336,9;0,810;90,14;3420,5
20-04-2025 22:00;Noche;A;-999;0,831;88,37;3524,0
20-04-2025 23:00;Noche;A;1444,4;0,786;86,41;3544,1
21-04-2025 00:00;Noche;A;1526,9;0,852;89,13;3522,1
21-04-2025 01:00;Noche;A;1533,2;0,914;86,82;3548,1
21-04-2025 02:00;Noche;A;1594,5;0,935;86,12;3467,1
21-04-2025 03:00;Noche;A;1580,9;0,881;85,50;3559,3
21-04-2025 04:00;Noche;A;1614,7;0,809;87,00;3621,5
21-04-2025 05:00;Noche;A;1550,5;0,824;85,85;3516,4
21-04-2025 06:00;Noche;A;1491,3;0,863;87,07;3576,2
21-04-2025 07:00;Noche;A;1568,9;0,916;86,64;3504,9
21-04-2025 08:00;Dia;A;1751,7;0,902;85,22;3744,4
21-04-2025 09:00;Dia;A;1759,7;0,887;86,18;3680,6
21-04-2025 10:00;Dia;A;1754,0;0,957;87,22;3659,7
21-04-2025 11:00;Dia;A;1746,1;0,895;85,71;3676,5
21-04-2025 12:00;Dia;A;1702,1;0,932;85,64;3657,9
21-04-2025 13:00;Dia;A;1759,3;0,939;85,63;3664,4
21-04-2025 14:00;Dia;A;1761,2;0,838;87,10;3650,4
21-04-2025 15:00;Dia;A;1751,5;0,847;87,78;3675,2
21-04-2025 16:00;Dia;A;1734,0;0,810;87,61;3718,0
21-04-2025 17:00;Dia;A;1744,4;0,767;87,63;3700,8
21-04-2025 18:00;Dia;A;1725,0;0,700;86,16;3721,5
21-04-2025 19:00;Dia;A;1717,1;0,673;86,41;3639,0
21-04-2025 20:00;Noche;A;1508,1;0,745;85,70;3516,2
21-04-2025 21:00;Noche;A;1510,5;0,750;84,08;3516,0
21-04-2025 22:00;Noche;A;1582,5;0,785;83,97;3576,9
21-04-2025 23:00;Noche;A;1523,9;0,749;84,59;3551,5
22-04-2025 00:00;Noche;A;1498,7;0,768;85,00;3584,9
22-04-2025 01:00;Noche;A;1525,8;0,786;86,42;3561,9
22-04-2025 02:00;Noche;A;1553,0;0,746;83,68;3559,4
22-04-2025 03:00;Noche;A;1564,1;0,725;83,83;3613,6
22-04-2025 04:00;Noche;A;1483,0;0,813;85,30;3484,3
22-04-2025 05:00;Noche;A;1516,0;0,852;84,55;3487,4
22-04-2025 06:00;Noche;A;1474,2;0,831;85,35;3540,1
22-04-2025 07:00;Noche;A;1461,5;0,857;85,37;3516,2
22-04-2025 08:00;Dia;A;1632,2;0,906;84,81;3623,2
22-04-2025 09:00;Dia;A;1636,3;0,984;87,56;3659,1
22-04-2025 10:00;Dia;A;1685,9;0,904;85,52;3643,5
22-04-2025 11:00;Dia;A;1820,3;0,922;87,62;3736,5
22-04-2025 12:00;Dia;A;1819,3;0,993;87,60;3755,0
22-04-2025 13:00;Dia;A;1812,9;0,936;86,39;3761,0
22-04-2025 14:00;Dia;A;1736,1;0,960;86,08;3724,9
22-04-2025 15:00;Dia;A;1684,5;0,788;84,93;3657,9
22-04-2025 16:00;Dia;A;1623,3;0,866;85,15;3623,1
22-04-2025 17:00;Dia;A;1595,0;0,839;86,12;3500,3
22-04-2025 18:00;Dia;A;1545,9;0,738;83,55;3605,7
22-04-2025 19:00;Dia;A;1523,8;0,798;86,37;3482,3
22-04-2025 20:00;Noche;A;1403,5;0,842;87,53;3463,0
22-04-2025 21:00;Noche;A;1368,6;0,874;88,83;3537,2
22-04-2025 22:00;Noche;A;1324,6;0,894;86,69;3398,9
22-04-2025 23:00;Noche;A;1295,1;0,855;83,43;3331,5
23-04-2025 00:00;Noche;B;1306,5;1,012;79,77;3460,0
23-04-2025 01:00;Noche;B;1335,6;0,992;80,83;3395,8
23-04-2025 02:00;Noche;B;1402,0;1,019;82,68;3453,1
23-04-2025 03:00;Noche;B;1457,2;1,072;82,31;3489,1
23-04-2025 04:00;Noche;B;1445,3;1,042;82,68;3518,5
23-04-2025 05:00;Noche;B;1483,5;1,069;83,72;3546,7
23-04-2025 06:00;Noche;B;1427,8;1,149;81,24;3481,0
23-04-2025 07:00;Noche;B;1546,0;1,155;86,63;3604,4
23-04-2025 08:00;Dia;B;1711,5;1,303;84,68;3633,2
23-04-2025 09:00;Dia;B;1687,9;1,374;86,40;3681,1
23-04-2025 10:00;Dia;B;1630,5;1,167;87,73;3598,0
23-04-2025 11:00;Dia;B;1651,3;1,091;84,99;3662,4
23-04-2025 12:00;Dia;B;1570,1;0,990;84,71;3560,4
23-04-2025 13:00;Dia;B;1551,7;0,939;88,04;3557,3
23-04-2025 14:00;Dia;B;1598,0;;86,76;3657,7
23-04-2025 15:00;Dia;B;1599,9;0,962;88,02;3558,0
23-04-2025 16:00;Dia;B;1572,6;0,914;87,10;3536,7
23-04-2025 17:00;Dia;B;1608,0;0,940;86,69;3622,3
23-04-2025 18:00;Dia;B;1546,7;1,029;87,83;3549,1
23-04-2025 19:00;Dia;B;1552,8;0,991;85,88;3543,6
23-04-2025 20:00;Noche;B;1401,9;0,969;84,68;3458,0
23-04-2025 21:00;Noche;B;1362,5;1,052;86,89;3517,4
23-04-2025 22:00;Noche;B;1387,9;1,067;86,47;3411,0
23-04-2025 23:00;Noche;B;1346,8;1,079;86,65;3413,5
24-04-2025 00:00;Noche;B;1439,9;1,126;83,39;3487,4
24-04-2025 01:00;Noche;B;1408,5;1,014;83,12;3426,2
24-04-2025 02:00;Noche;B;1497,2;1,049;86,07;3516,8
24-04-2025 03:00;Noche;B;1438,8;1,012;86,86;3502,3
24-04-2025 04:00;Noche;B;1471,2;1,120;86,99;3471,8
24-04-2025 05:00;Noche;B;1424,5;1,169;85,23;3522,8
24-04-2025 06:00;Noche;B;1387,7;1,062;83,24;3417,1
24-04-2025 07:00;Noche;B;1426,8;1,182;85,44;3482,4
24-04-2025 08:00;Dia;B;1600,4;1,063;87,77;3611,2
24-04-2025 09:00;Dia;B;1560,0;1,169;87,44;3697,0
24-04-2025 10:00;Dia;B;1633,3;1,154;89,50;3556,6
24-04-2025 11:00;Dia;B;1603,9;1,062;86,94;3616,9
24-04-2025 12:00;Dia;B;1618,6;0,988;88,49;3711,6
24-04-2025 13:00;Dia;B;1636,8;1,001;85,17;3603,9
24-04-2025 14:00;Dia;B;1655,4;1,023;85,76;3678,3
24-04-2025 15:00;Dia;B;1564,2;0,978;83,11;3586,6
24-04-2025 16:00;Dia;B;1634,5;1,041;85,65;3565,2
24-04-2025 17:00;Dia;B;1638,1;0,926;86,00;3633,9
24-04-2025 18:00;Dia;B;1595,0;0,962;83,57;3555,2
24-04-2025 19:00;Dia;B;1534,1;0,980;82,43;3551,4
24-04-2025 20:00;Noche;B;1337,6;0,851;81,45;3366,4
24-04-2025 21:00;Noche;B;1292,8;0,942;79,59;3420,9
24-04-2025 22:00;Noche;B;1339,0;0,879;78,86;3328,1
24-04-2025 23:00;Noche;B;1337,6;0,757;77,98;3411,4
25-04-2025 00:00;Noche;B;1305,6;0,834;81,75;3446,5
25-04-2025 01:00;Noche;B;1310,2;0,911;85,43;3420,5
25-04-2025 02:00;Noche;B;1405,6;1,044;84,32;3447,9
25-04-2025 03:00;Noche;B;1402,2;1,020;83,39;3452,1
25-04-2025 04:00;Noche;B;1393,8;1,157;84,83;3442,0
25-04-2025 05:00;Noche;B;1473,5;1,235;84,19;3613,9
25-04-2025 06:00;Noche;B;1500,2;1,257;84,24;3528,2
25-04-2025 07:00;Noche;B;1506,3;1,287;86,81;3536,6
25-04-2025 08:00;Dia;B;1606,0;1,233;86,74;3573,9
25-04-2025 09:00;Dia;B;1552,6;1,135;85,73;3553,1
25-04-2025 10:00;Dia;B;1528,8;1,168;84,74;3581,5
25-04-2025 11:00;Dia;B;1538,9;1,205;88,60;3542,6
25-04-2025 12:00;Dia;B;1555,1;1,167;86,23;3545,6
25-04-2025 13:00;Dia;B;1588,2;1,104;86,14;3575,4
25-04-2025 14:00;Dia;B;1617,1;0,965;83,06;3599,7
25-04-2025 15:00;Dia;B;-999;1,048;83,11;3619,8
25-04-2025 16:00;Dia;B;1617,9;1,064;84,34;3590,7
25-04-2025 17:00;Dia;B;1559,8;0,946;83,22;3562,9
25-04-2025 18:00;Dia;B;1463,7;0,981;85,05;3479,0
25-04-2025 19:00;Dia;B;1456,7;1,044;85,34;3547,1
25-04-2025 20:00;Noche;B;1310,7;1,016;81,98;3410,1
25-04-2025 21:00;Noche;B;1302,3;1,068;78,34;3387,1
25-04-2025 22:00;Noche;B;1311,8;1,097;82,99;3414,0
25-04-2025 23:00;Noche;B;1279,2;0,952;81,43;3379,8
26-04-2025 00:00;Noche;B;1262,7;0,965;85,35;3311,3
26-04-2025 01:00;Noche;B;1296,0;1,036;84,99;3385,1
26-04-2025 02:00;Noche;B;1334,1;1,113;83,35;3479,5
26-04-2025 03:00;Noche;B;1334,9;1,198;85,39;3438,4
26-04-2025 04:00;Noche;B;1388,8;1,005;83,45;3499,8
26-04-2025 05:00;Noche;B;1403,8;1,040;83,86;3441,8
26-04-2025 06:00;Noche;B;1385,8;1,121;82,56;3402,7
26-04-2025 07:00;Noche;B;1420,3;1,206;85,38;3457,2
26-04-2025 08:00;Dia;B;1646,2;1,287;88,30;3678,0
26-04-2025 09:00;Dia;B;1619,6;1,137;85,56;3574,7
26-04-2025 10:00;Dia;B;1677,2;1,093;89,11;3620,1
26-04-2025 11:00;Dia;B;1728,2;1,015;86,07;3725,1
26-04-2025 12:00;Dia;B;1769,3;1,105;86,83;3699,4
26-04-2025 13:00;Dia;B;1699,3;0,990;82,34;3657,6
26-04-2025 14:00;Dia;B;1762,0;1,106;80,17;3717,3
26-04-2025 15:00;Dia;B;1724,6;1,145;87,10;3681,0
26-04-2025 16:00;Dia;B;1676,1;1,128;89,54;3633,7
26-04-2025 17:00;Dia;B;1636,1;0,916;89,16;3627,1
26-04-2025 18:00;Dia;B;2536,9;0,907;83,59;3587,6
26-04-2025 19:00;Dia;B;1610,5;1,005;84,82;3593,8
26-04-2025 20:00;Noche;B;1458,7;0,898;84,87;3523,3
26-04-2025 21:00;Noche;B;1494,7;0,927;84,66;3477,9
26-04-2025 22:00;Noche;B;1437,2;0,956;84,97;3472,6
26-04-2025 23:00;Noche;B;1381,8;1,050;83,00;3401,6
27-04-2025 00:00;Noche;B;1349,6;1,062;83,08;3453,1
27-04-2025 01:00;Noche;B;1377,4;1,073;81,08;3465,8
27-04-2025 02:00;Noche;B;1418,8;1,033;81,25;3505,1
27-04-2025 03:00;Noche;B;1363,4;1,050;83,13;3476,1
27-04-2025 04:00;Noche;B;1417,2;1,055;81,85;3511,6
27-04-2025 05:00;Noche;B;1437,1;1,127;82,62;3515,1
27-04-2025 06:00;Noche;B;1510,1;1,103;82,43;3506,7
27-04-2025 07:00;Noche;B;1441,9;1,182;83,91;3532,6
27-04-2025 08:00;Dia;B;1575,0;1,023;85,55;3547,8
27-04-2025 09:00;Dia;B;1565,4;1,150;86,52;3667,7
27-04-2025 10:00;Dia;B;1503,3;1,115;86,85;3553,4
27-04-2025 11:00;Dia;B;1492,4;1,188;83,84;3559,4
27-04-2025 12:00;Dia;B;1559,4;1,146;83,82;3531,9
27-04-2025 13:00;Dia;B;1539,2;1,174;86,63;3606,7
27-04-2025 14:00;Dia;B;1509,4;1,230;85,04;3590,8
27-04-2025 15:00;Dia;B;1549,3;1,103;83,99;3509,4
27-04-2025 16:00;Dia;B;1579,4;1,074;82,48;3564,0
27-04-2025 17:00;Dia;B;1597,1;1,035;86,21;3575,5
27-04-2025 18:00;Dia;B;1531,6;1,038;84,78;3524,9
27-04-2025 19:00;Dia;B;1509,6;0,902;82,43;3585,3
27-04-2025 20:00;Noche;B;1416,2;0,933;84,42;3554,3
27-04-2025 21:00;Noche;B;1363,9;0,946;86,50;3396,6
27-04-2025 22:00;Noche;B;1320,5;0,916;86,17;3448,2
27-04-2025 23:00;Noche;B;1355,3;0,947;87,22;3418,7
28-04-2025 00:00;Noche;B;1484,6;0,870;85,60;3560,5
28-04-2025 01:00;Noche;B;1418,2;1,051;85,26;3374,6
28-04-2025 02:00;Noche;B;1311,9;1,087;83,95;3386,4
28-04-2025 03:00;Noche;B;1284,9;1,219;83,72;3434,3
28-04-2025 04:00;Noche;B;1287,9;1,093;82,20;3363,5
28-04-2025 05:00;Noche;B;1331,6;1,007;83,32;3467,7
28-04-2025 06:00;Noche;B;1400,3;1,071;83,75;3448,7
28-04-2025 07:00;Noche;B;1423,4;0,964;83,64;3528,8
28-04-2025 08:00;Dia;B;1540,0;1,046;85,64;3582,9
28-04-2025 09:00;Dia;B;1574,8;1,021;85,10;3568,8
28-04-2025 10:00;Dia;B;1554,2;1,032;82,25;3544,9
28-04-2025 11:00;Dia;B;1576,2;;82,06;3582,3
28-04-2025 12:00;Dia;B;1565,4;1,082;81,17;3626,5
28-04-2025 13:00;Dia;B;1693,6;1,213;79,78;3661,2
28-04-2025 14:00;Dia;B;1707,3;1,188;82,55;3643,6
28-04-2025 15:00;Dia;B;1643,7;1,025;80,56;3753,7
28-04-2025 16:00;Dia;B;1584,3;1,098;80,18;3528,2
28-04-2025 17:00;Dia;B;1558,5;0,961;79,23;3560,6
28-04-2025 18:00;Dia;B;1484,2;0,988;83,33;3540,7
28-04-2025 19:00;Dia;B;1463,3;0,901;82,60;3464,3
28-04-2025 20:00;Noche;B;1324,7;0,884;85,02;3414,7
28-04-2025 21:00;Noche;B;1377,4;1,035;85,07;3429,4
28-04-2025 22:00;Noche;B;1361,8;0,981;83,42;3377,5
28-04-2025 23:00;Noche;B;1335,8;0,950;84,47;3433,8
29-04-2025 00:00;Noche;B;1295,5;0,943;85,18;3347,8
29-04-2025 01:00;Noche;B;1275,4;0,965;84,72;3350,4
29-04-2025 02:00;Noche;B;1311,1;1,112;82,83;3449,2
29-04-2025 03:00;Noche;B;1336,2;1,006;81,77;3377,2
29-04-2025 04:00;Noche;B;1416,5;0,949;79,70;3495,1
29-04-2025 05:00;Noche;B;1407,4;1,057;81,31;3514,3
29-04-2025 06:00;Noche;B;1475,8;0,959;82,11;3552,6
29-04-2025 07:00;Noche;B;1497,0;0,998;86,19;3548,9
29-04-2025 08:00;Dia;B;1624,4;1,132;89,24;3604,0
29-04-2025 09:00;Dia;B;1547,3;1,120;89,06;3514,3
29-04-2025 10:00;Dia;B;1519,8;1,075;89,40;3558,0
29-04-2025 11:00;Dia;B;1583,5;1,030;88,04;3610,1
29-04-2025 12:00;Dia;B;1656,6;0,984;92,49;3619,5
29-04-2025 13:00;Dia;B;1658,1;0,977;92,70;3601,8
29-04-2025 14:00;Dia;B;1678,4;1,021;95,47;3683,8
29-04-2025 15:00;Dia;B;1639,9;1,120;92,79;3584,9
29-04-2025 16:00;Dia;B;1607,8;1,149;91,02;3619,3
29-04-2025 17:00;Dia;B;1566,7;1,046;90,52;3555,8
29-04-2025 18:00;Dia;B;1600,3;0,973;88,26;3527,8
29-04-2025 19:00;Dia;B;1595,5;1,037;87,71;3647,2
29-04-2025 20:00;Noche;B;1445,0;0,885;83,43;3512,8
29-04-2025 21:00;Noche;B;1416,8;0,904;85,47;3490,2
29-04-2025 22:00;Noche;B;1432,6;0,926;84,99;3423,6
29-04-2025 23:00;Noche;B;1435,7;0,884;85,71;3473,2
30-04-2025 00:00;Noche;B;1391,8;0,874;84,02;3461,1
30-04-2025 01:00;Noche;B;1469,1;0,975;80,35;3470,4
30-04-2025 02:00;Noche;B;1469,9;0,888;82,04;3563,2
30-04-2025 03:00;Noche;B;1464,8;0,901;84,87;3422,3
30-04-2025 04:00;Noche;B;1527,4;0,934;81,62;3567,2
30-04-2025 05:00;Noche;B;1560,0;1,011;80,73;3491,6
30-04-2025 06:00;Noche;B;1542,1;0,949;81,03;3495,8
30-04-2025 07:00;Noche;B;1558,4;1,099;82,54;3519,8
30-04-2025 08:00;Dia;B;1625,8;1,079;79,82;3634,9
30-04-2025 09:00;Dia;B;1605,8;1,071;85,56;3576,0
30-04-2025 10:00;Dia;B;1523,0;1,056;87,47;3528,1
30-04-2025 11:00;Dia;B;1606,0;1,020;85,10;3571,7
30-04-2025 12:00;Dia;B;1535,0;0,973;81,06;3506,3
30-04-2025 13:00;Dia;B;1586,8;1,098;84,16;3560,1
30-04-2025 14:00;Dia;B;1558,1;1,091;88,93;3537,7
30-04-2025 15:00;Dia;B;1525,7;1,057;89,17;3540,9
30-04-2025 16:00;Dia;B;1529,5;1,115;90,42;3538,4
30-04-2025 17:00;Dia;B;1547,0;1,015;85,90;3469,4
30-04-2025 18:00;Dia;B;1570,4;1,056;86,17;3547,4
30-04-2025 19:00;Dia;B;1633,1;1,031;82,32;3653,9
30-04-2025 20:00;Noche;B;1498,1;0,949;86,81;3503,0
30-04-2025 21:00;Noche;B;1507,4;1,027;87,22;3521,4
30-04-2025 22:00;Noche;B;1452,1;0,905;80,76;3460,4
30-04-2025 23:00;Noche;B;1466,7;1,002;78,36;3469,5
01-05-2025 00:00;Noche;B;1456,4;0,946;81,08;3485,9
01-05-2025 01:00;Noche;B;1426,1;1,017;82,59;3418,8
01-05-2025 02:00;Noche;B;1422,9;1,134;83,00;3462,9
01-05-2025 03:00;Noche;B;1426,5;1,145;84,85;3410,0
01-05-2025 04:00;Noche;B;1444,6;1,070;88,44;3499,7
01-05-2025 05:00;Noche;B;1471,8;1,076;87,52;3446,7
01-05-2025 06:00;Noche;B;1458,3;1,058;82,36;3526,1
01-05-2025 07:00;Noche;B;1441,9;0,991;82,47;3532,7
01-05-2025 08:00;Dia;B;1614,8;0,959;80,26;3542,4
01-05-2025 09:00;Dia;B;1553,2;1,026;80,60;3594,1
01-05-2025 10:00;Dia;B;1552,5;1,096;83,44;3554,3
01-05-2025 11:00;Dia;B;1642,1;0,961;83,11;3670,7
01-05-2025 12:00;Dia;B;1528,1;1,006;81,84;3535,9
01-05-2025 13:00;Dia;B;1524,0;1,067;83,49;3542,3
01-05-2025 14:00;Dia;B;1574,7;1,066;82,59;3572,2
01-05-2025 15:00;Dia;B;1510,0;0,976;84,33;3589,0
01-05-2025 16:00;Dia;B;1635,1;1,071;84,59;3542,6
01-05-2025 17:00;Dia;B;-999;0,953;84,97;3562,6
01-05-2025 18:00;Dia;B;1574,5;1,021;84,56;3576,1
01-05-2025 19:00;Dia;B;1627,1;1,127;86,75;3583,5
01-05-2025 20:00;Noche;B;1517,1;0,915;84,47;3521,9
01-05-2025 21:00;Noche;B;1475,4;0,970;84,35;3538,0
01-05-2025 22:00;Noche;B;1468,2;1,006;83,06;3527,5
01-05-2025 23:00;Noche;B;1411,1;1,024;83,68;3524,0
02-05-2025 00:00;Noche;B;1442,3;0,966;79,55;3454,1
02-05-2025 01:00;Noche;B;1387,9;0,973;86,63;3373,2
02-05-2025 02:00;Noche;B;1386,8;0,904;83,40;3424,6
02-05-2025 03:00;Noche;B;1443,9;0,984;83,85;3475,5
02-05-2025 04:00;Noche;B;1402,9;1,064;83,15;3443,3
02-05-2025 05:00;Noche;B;1408,4;1,025;82,24;3512,7
02-05-2025 06:00;Noche;B;1439,0;0,987;83,56;3574,9
02-05-2025 07:00;Noche;B;1402,2;1,002;82,75;3483,0
02-05-2025 08:00;Dia;B;-999;1,045;82,73;3527,8
02-05-2025 09:00;Dia;B;1629,6;;80,83;3654,4
02-05-2025 10:00;Dia;B;1572,1;1,074;80,63;3556,6
02-05-2025 11:00;Dia;B;1589,6;1,082;80,11;3594,8
02-05-2025 12:00;Dia;B;1569,9;0,980;85,44;3613,3
02-05-2025 13:00;Dia;B;1556,8;0,814;81,45;3586,8
02-05-2025 14:00;Dia;B;1573,7;0,962;81,10;3579,5
02-05-2025 15:00;Dia;B;1548,8;1,097;83,80;3575,6
02-05-2025 16:00;Dia;B;1595,5;0,956;86,64;3620,1
02-05-2025 17:00;Dia;B;1555,8;0,929;82,07;3587,6
02-05-2025 18:00;Dia;B;1592,5;0,981;79,96;3662,1
02-05-2025 19:00;Dia;B;1573,4;1,056;82,38;3454,6
02-05-2025 20:00;Noche;B;1474,3;1,074;84,02;3474,3
02-05-2025 21:00;Noche;B;1429,8;1,131;81,52;3451,7
02-05-2025 22:00;Noche;B;1397,8;1,067;78,53;3483,5
02-05-2025 23:00;Noche;B;1347,7;1,071;78,68;3428,3
03-05-2025 00:00;Noche;B;1385,0;1,077;82,33;3475,0
03-05-2025 01:00;Noche;B;1431,4;1,025;82,49;3417,6
03-05-2025 02:00;Noche;B;1519,9;1,123;85,02;3519,6
03-05-2025 03:00;Noche;B;1556,1;1,140;84,52;3576,7
03-05-2025 04:00;Noche;B;1544,3;1,182;84,60;3545,5
03-05-2025 05:00;Noche;B;-999;1,109;85,49;3520,6
03-05-2025 06:00;Noche;B;1532,8;1,177;85,23;3556,6
03-05-2025 07:00;Noche;B;1527,8;1,063;84,98;3608,9
03-05-2025 08:00;Dia;B;1709,3;1,108;83,19;3581,5
03-05-2025 09:00;Dia;B;1735,0;0,910;81,52;3740,4
03-05-2025 10:00;Dia;B;1679,7;0,917;83,59;3658,3
03-05-2025 11:00;Dia;B;1643,4;1,045;84,16;3593,9
03-05-2025 12:00;Dia;B;1700,3;1,023;82,89;3687,1
03-05-2025 13:00;Dia;B;1695,1;1,050;85,35;3660,0
03-05-2025 14:00;Dia;B;1664,5;0,927;85,76;3684,2
03-05-2025 15:00;Dia;B;1696,5;1,086;86,22;3625,6
03-05-2025 16:00;Dia;B;1649,6;1,098;84,37;3661,4
03-05-2025 17:00;Dia;B;1614,1;1,054;86,36;3565,3
03-05-2025 18:00;Dia;B;1575,7;1,058;91,03;3585,0
03-05-2025 19:00;Dia;B;1480,3;1,052;86,71;3537,0
03-05-2025 20:00;Noche;B;1404,8;1,127;83,00;3457,8
03-05-2025 21:00;Noche;B;1349,7;1,082;81,73;3448,6
03-05-2025 22:00;Noche;B;1335,0;0,936;79,85;3390,6
03-05-2025 23:00;Noche;B;-999;0,949;78,56;3441,7
04-05-2025 00:00;Noche;B;1298,9;1,074;78,60;3370,1
04-05-2025 01:00;Noche;B;1307,0;1,096;82,55;3367,9
04-05-2025 02:00;Noche;B;1320,8;1,043;84,54;3400,0
04-05-2025 03:00;Noche;B;1264,5;1,095;87,56;3369,5
04-05-2025 04:00;Noche;B;1294,0;1,093;87,68;3360,3
04-05-2025 05:00;Noche;B;1262,5;1,133;85,49;3405,9
04-05-2025 06:00;Noche;B;1318,1;0,998;86,58;3408,5
04-05-2025 07:00;Noche;B;1365,8;0,976;84,12;3468,9
04-05-2025 08:00;Dia;B;1508,1;1,080;83,99;3480,2
04-05-2025 09:00;Dia;B;1612,8;1,071;81,84;3554,4
04-05-2025 10:00;Dia;B;1627,9;1,105;85,91;3605,5
04-05-2025 11:00;Dia;B;1641,0;1,238;88,64;3587,2
04-05-2025 12:00;Dia;B;1629,5;1,139;86,16;3613,2
04-05-2025 13:00;Dia;B;1603,5;1,119;85,26;3623,0
04-05-2025 14:00;Dia;B;1628,6;1,043;85,07;3658,4
04-05-2025 15:00;Dia;B;1648,5;0,990;85,23;3682,4
04-05-2025 16:00;Dia;B;1557,7;0,996;86,86;3597,6
04-05-2025 17:00;Dia;B;1583,8;0,893;85,50;3554,2
04-05-2025 18:00;Dia;B;1576,4;0,785;85,03;3594,2
04-05-2025 19:00;Dia;B;1586,1;0,977;82,21;3556,3
04-05-2025 20:00;Noche;B;1449,9;0,975;82,24;3509,5
04-05-2025 21:00;Noche;B;1364,6;1,065;79,57;3393,5
04-05-2025 22:00;Noche;B;1303,3;1,043;84,95;3444,8
04-05-2025 23:00;Noche;B;1384,4;1,038;87,33;3458,4
05-05-2025 00:00;Noche;B;1451,4;1,078;87,54;3473,0
05-05-2025 01:00;Noche;B;1382,3;1,109;88,52;3389,7
05-05-2025 02:00;Noche;B;1408,7;0,992;90,16;3469,7
05-05-2025 03:00;Noche;B;1403,3;1,111;90,06;3437,6
05-05-2025 04:00;Noche;B;1341,9;1,022;83,77;3431,5
05-05-2025 05:00;Noche;B;1281,7;1,065;83,54;3360,5
05-05-2025 06:00;Noche;B;1269,8;1,264;80,02;3362,7
05-05-2025 07:00;Noche;B;1343,2;1,195;80,09;3455,5
05-05-2025 08:00;Dia;B;1507,3;;80,05;3592,8
05-05-2025 09:00;Dia;B;1533,4;1,168;81,79;3507,2
05-05-2025 10:00;Dia;B;1575,6;1,178;84,19;3576,0
05-05-2025 11:00;Dia;B;1619,5;1,138;82,66;3626,6
05-05-2025 12:00;Dia;B;1536,6;1,138;83,29;3554,9
05-05-2025 13:00;Dia;B;1546,9;1,038;84,27;3550,0
05-05-2025 14:00;Dia;B;1528,3;0,972;83,92;3636,3
05-05-2025 15:00;Dia;B;1492,7;1,022;84,17;3498,2
05-05-2025 16:00;Dia;B;1490,1;0,904;78,72;3539,6
05-05-2025 17:00;Dia;B;1501,1;0,887;79,83;3511,4
05-05-2025 18:00;Dia;B;1499,1;0,983;83,64;3521,9
05-05-2025 19:00;Dia;B;1444,2;0,941;84,12;3401,5
05-05-2025 20:00;Noche;B;1321,2;0,898;80,55;3442,9
05-05-2025 21:00;Noche;B;1422,4;0,859;80,78;3461,5
05-05-2025 22:00;Noche;B;1369,2;0,932;82,54;3397,9
05-05-2025 23:00;Noche;B;1303,8;0,939;80,70;3456,1
06-05-2025 00:00;Noche;B;1339,4;0,985;83,25;3404,1
06-05-2025 01:00;Noche;B;1382,9;0,992;81,54;3418,6
06-05-2025 02:00;Noche;B;1414,0;1,152;82,43;3430,3
06-05-2025 03:00;Noche;B;1375,5;1,078;82,43;3481,0
06-05-2025 04:00;Noche;B;1440,4;0,932;86,77;3484,3
06-05-2025 05:00;Noche;B;1418,8;1,009;85,07;3461,0
06-05-2025 06:00;Noche;B;1392,3;1,046;83,55;3409,1
06-05-2025 07:00;Noche;B;1398,1;1,080;85,50;3431,7
06-05-2025 08:00;Dia;B;1546,0;0,971;83,50;3573,8
06-05-2025 09:00;Dia;B;1602,9;1,110;85,01;3597,6
06-05-2025 10:00;Dia;B;1642,0;1,099;80,29;3548,1
06-05-2025 11:00;Dia;B;1643,1;1,087;82,86;3593,3
06-05-2025 12:00;Dia;B;1681,8;0,964;83,08;3659,5
06-05-2025 13:00;Dia;B;1671,8;1,040;81,47;3746,2
06-05-2025 14:00;Dia;B;1694,4;1,036;85,78;3628,5
06-05-2025 15:00;Dia;B;1610,2;1,131;85,57;3518,5
06-05-2025 16:00;Dia;B;1535,0;1,048;84,66;3583,0
06-05-2025 17:00;Dia;B;1572,6;0,938;81,33;3556,1
06-05-2025 18:00;Dia;B;1505,6;0,973;79,21;3479,4
06-05-2025 19:00;Dia;B;1497,4;0,914;79,59;3542,9
06-05-2025 20:00;Noche;B;1377,3;0,978;78,31;3435,2
06-05-2025 21:00;Noche;B;1359,4;0,905;81,01;3393,9
06-05-2025 22:00;Noche;B;1347,2;0,937;83,80;3371,2
06-05-2025 23:00;Noche;B;1416,6;0,952;82,22;3458,2
07-05-2025 00:00;Noche;B;1306,3;0,979;79,28;3397,3
07-05-2025 01:00;Noche;B;1370,1;0,965;79,86;3366,5
07-05-2025 02:00;Noche;B;1481,4;0,942;78,71;3541,7
07-05-2025 03:00;Noche;B;1474,0;0,991;81,00;3453,3
07-05-2025 04:00;Noche;B;1471,5;0,985;82,23;3555,7
07-05-2025 05:00;Noche;B;1505,7;1,040;82,12;3539,2
07-05-2025 06:00;Noche;B;1582,0;1,044;82,99;3569,9
07-05-2025 07:00;Noche;B;1516,0;0,904;84,79;3551,9
07-05-2025 08:00;Dia;B;1642,6;0,987;88,35;3598,1
07-05-2025 09:00;Dia;B;1637,6;1,137;86,51;3617,5
07-05-2025 10:00;Dia;B;1665,3;1,138;87,57;3701,6
07-05-2025 11:00;Dia;B;1668,2;1,156;86,36;3620,4
07-05-2025 12:00;Dia;B;1689,2;1,150;83,86;3686,5
07-05-2025 13:00;Dia;B;1656,2;1,074;86,87;3600,5
07-05-2025 14:00;Dia;B;1647,2;0,962;86,41;3627,1
07-05-2025 15:00;Dia;B;1605,6;1,051;86,52;3636,7
07-05-2025 16:00;Dia;B;1569,8;1,111;87,03;3529,8
07-05-2025 17:00;Dia;B;1560,2;1,104;85,93;3579,3
07-05-2025 18:00;Dia;B;1548,7;1,086;83,24;3474,6
07-05-2025 19:00;Dia;B;1493,2;1,072;87,46;3475,3
07-05-2025 20:00;Noche;B;1444,2;1,033;87,87;3469,7
07-05-2025 21:00;Noche;B;1424,4;1,034;86,83;3504,3
07-05-2025 22:00;Noche;B;1356,9;1,019;87,51;3454,3
07-05-2025 23:00;Noche;B;1411,7;1,037;88,68;3425,1
08-05-2025 00:00;Noche;B;1377,4;0,960;85,68;3433,2
08-05-2025 01:00;Noche;B;1407,7;0,946;85,70;3464,4
08-05-2025 02:00;Noche;B;1412,4;1,032;84,37;3402,1
08-05-2025 03:00;Noche;B;1431,9;1,020;85,23;3491,5
08-05-2025 04:00;Noche;B;1447,9;0,868;83,05;3539,2
08-05-2025 05:00;Noche;B;1433,4;0,974;88,62;3529,0
08-05-2025 06:00;Noche;B;1452,6;0,861;85,13;3474,3
08-05-2025 07:00;Noche;B;1554,3;1,106;86,83;3547,4
08-05-2025 08:00;Dia;B;1573,7;1,155;87,24;3542,3
08-05-2025 09:00;Dia;B;1596,5;1,177;85,87;3575,7
08-05-2025 10:00;Dia;B;1629,3;1,090;87,19;3607,2
08-05-2025 11:00;Dia;B;1590,3;1,004;85,71;3619,7
08-05-2025 12:00;Dia;B;1545,5;1,018;84,58;3569,5
08-05-2025 13:00;Dia;B;1656,9;1,037;84,85;3599,8
08-05-2025 14:00;Dia;B;1630,0;0,984;83,05;3648,3
08-05-2025 15:00;Dia;B;1708,2;1,015;86,43;3697,2
08-05-2025 16:00;Dia;B;1697,2;1,065;87,39;3631,2
08-05-2025 17:00;Dia;B;1664,8;1,081;88,57;3622,1
08-05-2025 18:00;Dia;B;1653,1;0,968;83,57;3617,2
08-05-2025 19:00;Dia;B;1647,5;0,822;83,41;3552,0
08-05-2025 20:00;Noche;B;1543,5;0,898;82,02;3552,3
08-05-2025 21:00;Noche;B;1522,8;0,893;82,59;3557,4
08-05-2025 22:00;Noche;B;1494,9;0,973;85,84;3586,7
08-05-2025 23:00;Noche;B;1476,4;1,107;86,10;3507,3
09-05-2025 00:00;Noche;B;1514,1;1,185;85,28;3512,1
09-05-2025 01:00;Noche;B;1523,2;1,137;86,91;3523,4
09-05-2025 02:00;Noche;B;1457,7;1,176;88,06;3512,9
09-05-2025 03:00;Noche;B;1428,6;1,243;90,79;3503,8
09-05-2025 04:00;Noche;B;1452,2;1,170;84,01;3458,0
09-05-2025 05:00;Noche;B;1434,6;1,151;84,75;3489,9
09-05-2025 06:00;Noche;B;1436,0;1,186;83,99;3511,4
09-05-2025 07:00;Noche;B;1416,3;1,144;82,28;3401,2
09-05-2025 08:00;Dia;B;1553,2;1,088;83,24;3617,4
09-05-2025 09:00;Dia;B;1596,2;1,039;81,13;3586,3
09-05-2025 10:00;Dia;B;1652,6;1,063;78,02;3664,4
09-05-2025 11:00;Dia;B;1652,4;1,027;78,72;3630,6
09-05-2025 12:00;Dia;B;1736,8;1,104;81,13;3675,8
09-05-2025 13:00;Dia;B;1706,5;1,060;86,52;3663,1
09-05-2025 14:00;Dia;B;1816,9;1,158;85,08;3744,2
09-05-2025 15:00;Dia;B;1803,1;1,187;83,07;3755,8
09-05-2025 16:00;Dia;B;1766,7;1,022;79,03;3687,7
09-05-2025 17:00;Dia;B;1692,9;1,092;80,98;3606,5
09-05-2025 18:00;Dia;B;1535,6;1,021;81,62;3521,9
09-05-2025 19:00;Dia;B;1526,1;1,107;83,50;3502,4
09-05-2025 20:00;Noche;B;1410,4;1,092;80,79;3493,8
09-05-2025 21:00;Noche;B;1485,5;1,045;80,27;3472,5
09-05-2025 22:00;Noche;B;1402,9;1,073;77,06;3513,6
09-05-2025 23:00;Noche;B;1480,0;1,005;79,67;3507,4
10-05-2025 00:00;Noche;B;1449,5;1,036;77,96;3479,8
10-05-2025 01:00;Noche;B;1470,9;1,063;74,49;3546,5
10-05-2025 02:00;Noche;B;1353,9;1,046;80,41;3411,6
10-05-2025 03:00;Noche;B;1383,3;1,081;82,88;3434,5
10-05-2025 04:00;Noche;B;1389,9;1,008;83,51;3481,9
10-05-2025 05:00;Noche;B;1442,7;1,083;84,67;3516,0
10-05-2025 06:00;Noche;B;1461,7;1,002;81,78;3464,9
10-05-2025 07:00;Noche;B;1427,8;1,091;85,39;3578,3
10-05-2025 08:00;Dia;B;1612,6;1,130;83,10;3624,0
10-05-2025 09:00;Dia;B;1652,1;1,167;88,12;3581,7
10-05-2025 10:00;Dia;B;1677,8;1,095;87,11;3640,6
10-05-2025 11:00;Dia;B;1713,3;1,307;83,76;3705,7
10-05-2025 12:00;Dia;B;1741,6;1,186;86,00;3696,8
10-05-2025 13:00;Dia;B;1712,4;1,141;89,86;3702,5
10-05-2025 14:00;Dia;B;1630,2;1,045;87,09;3707,8
10-05-2025 15:00;Dia;B;1562,9;1,142;89,10;3609,6
10-05-2025 16:00;Dia;B;1622,4;1,053;86,71;3684,9
10-05-2025 17:00;Dia;B;1635,4;1,105;84,96;3639,8
10-05-2025 18:00;Dia;B;1615,4;0,991;78,86;3573,1
10-05-2025 19:00;Dia;B;1574,3;1,015;83,69;3627,2
10-05-2025 20:00;Noche;B;1440,4;0,980;82,66;3457,4
10-05-2025 21:00;Noche;B;1428,3;1,054;84,25;3510,4
10-05-2025 22:00;Noche;B;1403,8;1,011;81,42;3481,8
10-05-2025 23:00;Noche;B;1371,3;0,950;79,92;3403,5
11-05-2025 00:00;Noche;B;1399,5;1,016;83,83;3426,0
11-05-2025 01:00;Noche;B;1395,0;0,941;82,30;3443,8
11-05-2025 02:00;Noche;B;1360,8;0,923;81,52;3445,8
11-05-2025 03:00;Noche;B;1310,4;1,042;80,04;3451,9
11-05-2025 04:00;Noche;B;1301,7;0,926;81,16;3401,3
11-05-2025 05:00;Noche;B;1360,6;1,054;84,28;3510,2
11-05-2025 06:00;Noche;B;1410,7;1,046;83,12;3505,4
11-05-2025 07:00;Noche;B;1410,8;1,007;82,88;3451,1
11-05-2025 08:00;Dia;B;1544,8;1,069;81,17;3538,0
11-05-2025 09:00;Dia;B;1541,8;1,129;85,89;3565,4
11-05-2025 10:00;Dia;B;1506,0;1,074;84,00;3522,2
11-05-2025 11:00;Dia;B;1579,3;1,068;84,08;3585,3
11-05-2025 12:00;Dia;B;-999;1,129;88,43;3627,1
11-05-2025 13:00;Dia;B;1688,3;1,153;86,98;3666,3
11-05-2025 14:00;Dia;B;1620,0;1,103;82,94;3649,9
11-05-2025 15:00;Dia;B;1590,1;1,019;81,48;3566,3
11-05-2025 16:00;Dia;B;1605,7;0,954;81,67;3567,0
11-05-2025 17:00;Dia;B;1565,3;0,938;86,37;3518,7
11-05-2025 18:00;Dia;B;1482,7;1,016;86,36;3449,9
11-05-2025 19:00;Dia;B;1435,7;1,050;85,23;3468,3
11-05-2025 20:00;Noche;B;1321,9;1,048;86,56;3414,5
11-05-2025 21:00;Noche;B;1335,3;1,126;88,73;3410,2
11-05-2025 22:00;Noche;B;1326,7;1,051;84,88;3410,9
11-05-2025 23:00;Noche;B;1367,5;1,008;87,14;3512,4
12-05-2025 00:00;Noche;B;1469,9;0,990;87,26;3456,5
12-05-2025 01:00;Noche;B;1469,3;1,148;87,47;3487,8
12-05-2025 02:00;Noche;B;1460,6;0,961;79,96;3475,2
12-05-2025 03:00;Noche;B;1446,9;1,030;81,97;3452,7
12-05-2025 04:00;Noche;B;1475,2;1,086;85,83;3558,7
12-05-2025 05:00;Noche;B;1516,6;1,094;84,54;3534,7
12-05-2025 06:00;Noche;B;1515,9;1,263;90,29;3586,2
12-05-2025 07:00;Noche;B;1535,3;1,276;88,58;3510,9
12-05-2025 08:00;Dia;B;1639,9;1,255;85,17;3692,8
12-05-2025 09:00;Dia;B;1584,1;1,125;85,91;3675,5
12-05-2025 10:00;Dia;B;1559,7;1,149;86,42;3543,2
12-05-2025 11:00;Dia;B;1614,6;1,097;87,54;3611,1
12-05-2025 12:00;Dia;B;1640,1;1,093;86,19;3622,8
12-05-2025 13:00;Dia;B;1704,0;1,096;88,66;3688,2
12-05-2025 14:00;Dia;B;1683,3;1,043;85,90;3603,6
12-05-2025 15:00;Dia;B;1697,2;1,086;86,12;3677,5
12-05-2025 16:00;Dia;B;1722,0;1,175;83,67;3700,3
12-05-2025 17:00;Dia;B;1722,1;1,177;82,78;3647,0
12-05-2025 18:00;Dia;B;1650,6;1,116;83,91;3536,3
12-05-2025 19:00;Dia;B;1611,2;0,929;81,78;3569,0
12-05-2025 20:00;Noche;B;1472,2;1,038;82,18;3490,8
12-05-2025 21:00;Noche;B;1409,7;1,099;82,81;3493,6
12-05-2025 22:00;Noche;B;1424,0;1,046;83,54;3448,0
12-05-2025 23:00;Noche;B;1458,8;1,000;84,92;3448,2
13-05-2025 00:00;Noche;B;1424,0;1,061;86,21;3493,4
13-05-2025 01:00;Noche;B;1504,2;0,996;86,91;3534,2
13-05-2025 02:00;Noche;B;1473,4;1,081;86,33;3530,1
13-05-2025 03:00;Noche;B;1458,6;1,001;83,63;3496,8
13-05-2025 04:00;Noche;B;1450,8;0,974;79,97;3532,8
13-05-2025 05:00;Noche;B;1430,0;1,031;80,90;3502,1
13-05-2025 06:00;Noche;B;1466,0;0,962;79,97;3440,2
13-05-2025 07:00;Noche;B;1479,8;1,029;77,99;3527,3
13-05-2025 08:00;Dia;B;1681,7;1,104;84,45;3677,2
13-05-2025 09:00;Dia;B;1700,3;1,014;80,21;3663,3
13-05-2025 10:00;Dia;B;1711,5;1,120;83,37;3726,3
13-05-2025 11:00;Dia;B;1686,9;1,069;85,07;3639,4
13-05-2025 12:00;Dia;B;1616,2;1,114;84,92;3639,8
13-05-2025 13:00;Dia;B;1615,5;1,110;90,65;3565,8
13-05-2025 14:00;Dia;B;1578,9;1,053;88,33;3588,6
13-05-2025 15:00;Dia;B;1622,6;1,012;85,20;3592,9
13-05-2025 16:00;Dia;B;1609,2;0,899;88,11;3565,0
13-05-2025 17:00;Dia;B;1665,7;0,904;84,80;3585,5
13-05-2025 18:00;Dia;B;1664,7;0,898;81,32;3639,9
13-05-2025 19:00;Dia;B;1664,6;1,062;81,07;3644,5
13-05-2025 20:00;Noche;B;1516,6;1,108;81,28;3509,5
13-05-2025 21:00;Noche;B;1493,2;0,966;81,76;3469,6
13-05-2025 22:00;Noche;B;1494,1;1,043;83,56;3481,9
13-05-2025 23:00;Noche;B;1507,1;1,049;80,38;3551,1
14-05-2025 00:00;Noche;B;1450,6;1,015;82,16;3441,0
14-05-2025 01:00;Noche;B;1462,0;1,062;87,61;3537,4
14-05-2025 02:00;Noche;B;1564,1;1,117;84,78;3495,2
14-05-2025 03:00;Noche;B;1531,4;1,058;83,78;3550,9
14-05-2025 04:00;Noche;B;1504,7;1,052;85,17;3551,6
14-05-2025 05:00;Noche;B;1471,1;1,085;87,36;3554,7
14-05-2025 06:00;Noche;B;1418,4;1,025;84,30;3462,5
14-05-2025 07:00;Noche;B;1493,2;1,077;82,45;3499,2
14-05-2025 08:00;Dia;B;1624,5;1,088;81,21;3558,5
14-05-2025 09:00;Dia;B;1644,5;1,051;84,78;3558,5
14-05-2025 10:00;Dia;B;1724,6;1,016;86,51;3558,5
14-05-2025 11:00;Dia;B;1811,5;1,074;81,57;3558,5
14-05-2025 12:00;Dia;B;1731,7;1,140;78,89;3558,5
14-05-2025 13:00;Dia;B;-999;1,133;78,95;3558,5
14-05-2025 14:00;Dia;B;1741,9;1,039;77,90;3558,5
14-05-2025 15:00;Dia;B;1721,6;1,093;81,98;3558,5
14-05-2025 16:00;Dia;B;1704,9;1,077;83,68;3558,5
14-05-2025 17:00;Dia;B;1666,7;1,093;88,50;3558,5
14-05-2025 18:00;Dia;B;1701,4;1,138;89,04;3558,5
14-05-2025 19:00;Dia;B;1683,0;1,015;86,95;3636,8
14-05-2025 20:00;Noche;B;1535,2;1,001;88,21;3533,4
14-05-2025 21:00;Noche;B;1550,9;0,962;84,28;3549,3
14-05-2025 22:00;Noche;B;1547,7;0,924;80,67;3577,4
14-05-2025 23:00;Noche;B;1528,1;1,109;82,73;3543,8
15-05-2025 00:00;Noche;B;1510,0;1,141;85,37;3469,0
15-05-2025 01:00;Noche;B;1559,7;;80,36;3552,5
15-05-2025 02:00;Noche;B;1548,8;1,044;83,72;3545,7
15-05-2025 03:00;Noche;B;1520,0;;85,29;3547,6
15-05-2025 04:00;Noche;B;1471,1;1,131;84,13;3507,2
15-05-2025 05:00;Noche;B;1460,6;1,122;84,48;3499,0
15-05-2025 06:00;Noche;B;1427,4;1,104;83,74;3523,6
15-05-2025 07:00;Noche;B;1454,7;1,118;84,29;3463,3
15-05-2025 08:00;Dia;B;1604,0;1,143;86,37;3683,0
15-05-2025 09:00;Dia;B;1530,5;1,131;84,11;3535,7
15-05-2025 10:00;Dia;B;1562,5;1,104;86,65;3539,5
15-05-2025 11:00;Dia;B;1611,9;1,091;87,90;3640,4
15-05-2025 12:00;Dia;B;1626,5;1,124;89,02;3660,9
15-05-2025 13:00;Dia;B;1587,0;1,022;82,85;3642,8
15-05-2025 14:00;Dia;B;1646,7;1,038;79,85;3686,5
15-05-2025 15:00;Dia;B;1604,3;1,032;83,38;3621,1
15-05-2025 16:00;Dia;B;1545,3;0,998;82,55;3566,3
15-05-2025 17:00;Dia;B;1502,6;1,059;82,25;3548,8
15-05-2025 18:00;Dia;B;1511,0;0,947;80,95;3536,5
15-05-2025 19:00;Dia;B;1555,7;0,949;79,25;3540,6
15-05-2025 20:00;Noche;B;1474,2;0,914;80,18;3568,8
15-05-2025 21:00;Noche;B;1461,6;0,995;80,32;3566,6
15-05-2025 22:00;Noche;B;-999;0,970;80,03;3453,4
15-05-2025 23:00;Noche;B;1365,1;0,997;82,46;3425,9
16-05-2025 00:00;Noche;B;1336,3;1,041;80,47;3397,7
16-05-2025 01:00;Noche;B;1348,2;0,932;83,37;3360,2
16-05-2025 02:00;Noche;B;1294,2;1,022;78,90;3366,2
16-05-2025 03:00;Noche;B;1337,5;0,994;85,84;3401,1
16-05-2025 04:00;Noche;B;1397,2;1,019;82,04;3459,5
16-05-2025 05:00;Noche;B;1413,4;1,047;84,05;3435,1
16-05-2025 06:00;Noche;B;1455,3;1,131;86,45;3430,0
16-05-2025 07:00;Noche;B;1431,6;1,175;85,97;3515,5
16-05-2025 08:00;Dia;B;1514,8;1,271;87,80;3610,6
16-05-2025 09:00;Dia;B;1522,9;1,212;86,47;3471,8
16-05-2025 10:00;Dia;B;1604,5;1,131;81,95;3600,0
16-05-2025 11:00;Dia;B;1659,4;1,081;83,79;3673,0
16-05-2025 12:00;Dia;B;1635,8;1,129;87,12;3581,9
16-05-2025 13:00;Dia;B;1684,6;1,216;85,88;3601,5
16-05-2025 14:00;Dia;B;1652,9;1,169;82,09;3636,5
16-05-2025 15:00;Dia;B;1701,6;1,072;81,73;3654,7
16-05-2025 16:00;Dia;B;1690,1;1,073;83,80;3629,7
16-05-2025 17:00;Dia;B;1637,5;1,067;84,89;3680,9
16-05-2025 18:00;Dia;B;1646,2;;87,07;3677,7
16-05-2025 19:00;Dia;B;1583,1;0,976;86,79;3603,5
16-05-2025 20:00;Noche;B;1406,5;0,811;85,68;3463,7
16-05-2025 21:00;Noche;B;1341,0;0,862;80,45;3410,8
16-05-2025 22:00;Noche;B;1363,4;1,004;86,95;3468,8
16-05-2025 23:00;Noche;B;1368,2;1,027;85,75;3428,1
17-05-2025 00:00;Noche;B;1373,1;0,876;85,71;3496,3
17-05-2025 01:00;Noche;B;1366,0;0,954;84,09;3483,2
17-05-2025 02:00;Noche;B;1442,4;0,873;82,77;3461,4
17-05-2025 03:00;Noche;B;1426,1;1,104;84,13;3505,2
17-05-2025 04:00;Noche;B;1406,1;1,110;87,44;3526,0
17-05-2025 05:00;Noche;B;1478,6;1,021;88,80;3539,2
17-05-2025 06:00;Noche;B;1544,6;1,116;88,67;3522,5
17-05-2025 07:00;Noche;B;1552,2;1,060;90,93;3556,1
17-05-2025 08:00;Dia;B;1593,2;1,124;87,87;3581,7
17-05-2025 09:00;Dia;B;1583,2;1,120;87,83;3595,6
17-05-2025 10:00;Dia;B;1626,9;1,031;85,28;3621,3
17-05-2025 11:00;Dia;B;1633,6;1,107;88,35;3612,1
17-05-2025 12:00;Dia;B;1700,9;1,004;86,65;3700,3
17-05-2025 13:00;Dia;B;1625,4;1,129;88,80;3672,0
17-05-2025 14:00;Dia;B;1650,6;1,101;91,08;3613,6
17-05-2025 15:00;Dia;B;1610,1;1,003;83,80;3552,0
17-05-2025 16:00;Dia;B;1656,7;0,889;88,15;3648,7
17-05-2025 17:00;Dia;B;1628,3;1,061;88,18;3614,3
17-05-2025 18:00;Dia;B;1649,1;1,141;86,60;3640,0
17-05-2025 19:00;Dia;B;1590,7;0,993;80,97;3558,7
17-05-2025 20:00;Noche;B;1392,3;1,114;82,22;3470,0
17-05-2025 21:00;Noche;B;1344,6;1,078;77,94;3392,3
17-05-2025 22:00;Noche;B;1329,8;1,034;80,28;3457,3
17-05-2025 23:00;Noche;B;1302,2;1,023;81,15;3461,5
18-05-2025 00:00;Noche;B;1307,2;1,009;85,85;3365,0
18-05-2025 01:00;Noche;B;1372,6;1,127;84,79;3342,7
18-05-2025 02:00;Noche;B;1380,9;1,108;86,62;3429,2
18-05-2025 03:00;Noche;B;1336,9;0,964;87,14;3402,5
18-05-2025 04:00;Noche;B;1347,1;1,167;91,16;3438,8
18-05-2025 05:00;Noche;B;1335,7;1,198;88,13;3428,0
18-05-2025 06:00;Noche;B;1421,3;1,082;87,75;3502,3
18-05-2025 07:00;Noche;B;1441,3;1,071;83,07;3602,2
18-05-2025 08:00;Dia;B;1586,1;1,027;81,01;3570,6
18-05-2025 09:00;Dia;B;1568,9;1,069;82,07;3569,4
18-05-2025 10:00;Dia;B;1488,4;1,113;83,44;3552,1
18-05-2025 11:00;Dia;B;1479,1;1,123;81,67;3460,8
18-05-2025 12:00;Dia;B;1455,4;1,064;82,00;3546,8
18-05-2025 13:00;Dia;B;1496,8;1,012;84,51;3518,5
18-05-2025 14:00;Dia;B;1512,2;1,092;84,21;3495,9
18-05-2025 15:00;Dia;B;1481,4;1,063;84,20;3497,5
18-05-2025 16:00;Dia;B;1470,9;1,207;83,52;3539,7
18-05-2025 17:00;Dia;B;1540,4;1,066;86,59;3592,8
18-05-2025 18:00;Dia;B;1482,1;1,097;89,89;3569,1
18-05-2025 19:00;Dia;B;1436,6;1,060;88,06;3507,0
18-05-2025 20:00;Noche;B;1308,8;0,982;85,86;3380,8
18-05-2025 21:00;Noche;B;1281,8;1,089;89,19;3410,2
18-05-2025 22:00;Noche;B;1272,6;1,064;88,02;3378,6
18-05-2025 23:00;Noche;B;1307,2;0,983;84,38;3490,7
19-05-2025 00:00;Noche;B;1455,8;0,984;80,98;3415,4
19-05-2025 01:00;Noche;B;1370,6;1,084;81,14;3502,5
19-05-2025 02:00;Noche;B;1384,7;0,988;86,30;3480,5
19-05-2025 03:00;Noche;B;1402,4;1,124;84,57;3479,6
19-05-2025 04:00;Noche;B;1415,2;1,156;90,78;3471,1
19-05-2025 05:00;Noche;B;1425,3;1,111;87,96;3462,4
19-05-2025 06:00;Noche;B;1430,6;1,205;86,61;3453,6
19-05-2025 07:00;Noche;B;1494,7;1,286;89,35;3473,9
19-05-2025 08:00;Dia;B;1603,6;1,251;87,21;3681,1
19-05-2025 09:00;Dia;B;1610,9;1,200;87,19;3646,3
19-05-2025 10:00;Dia;B;1622,0;1,287;84,90;3645,0
19-05-2025 11:00;Dia;B;1633,7;1,307;82,97;3641,7
19-05-2025 12:00;Dia;B;1628,5;1,142;81,89;3552,3
19-05-2025 13:00;Dia;B;1670,6;1,096;83,65;3640,3
19-05-2025 14:00;Dia;B;1655,6;1,064;82,78;3645,1
19-05-2025 15:00;Dia;B;1647,5;1,026;79,32;3677,6
19-05-2025 16:00;Dia;B;1627,1;0,923;81,98;3580,4
19-05-2025 17:00;Dia;B;1567,1;1,030;83,14;3588,7
19-05-2025 18:00;Dia;B;1525,1;1,028;83,12;3540,2
19-05-2025 19:00;Dia;B;1480,8;1,025;82,29;3519,9
19-05-2025 20:00;Noche;B;1377,2;1,115;78,71;3422,0
19-05-2025 21:00;Noche;B;1349,9;1,027;83,90;3446,0
19-05-2025 22:00;Noche;B;1314,7;1,017;82,73;3411,6
19-05-2025 23:00;Noche;B;1343,9;1,039;84,29;3354,5
20-05-2025 00:00;Noche;B;1380,2;;86,77;3493,7
20-05-2025 01:00;Noche;B;1314,6;1,017;87,84;3490,9
20-05-2025 02:00;Noche;B;1414,5;1,091;86,89;3437,2
20-05-2025 03:00;Noche;B;1424,4;1,084;85,61;3522,3
20-05-2025 04:00;Noche;B;1430,8;1,180;86,13;3447,9
20-05-2025 05:00;Noche;B;1489,6;1,091;86,93;3504,4
20-05-2025 06:00;Noche;B;1496,1;1,113;87,23;3598,6
20-05-2025 07:00;Noche;B;1476,3;1,012;84,60;3530,1
20-05-2025 08:00;Dia;B;1701,5;1,050;85,64;3722,7
20-05-2025 09:00;Dia;B;1644,6;1,028;85,94;3643,5
20-05-2025 10:00;Dia;B;1643,1;1,159;87,75;3671,8
20-05-2025 11:00;Dia;B;1680,6;1,184;87,52;3651,6
20-05-2025 12:00;Dia;B;1626,0;1,175;89,80;3679,0
20-05-2025 13:00;Dia;B;1622,4;1,259;89,22;3689,8
20-05-2025 14:00;Dia;B;1636,2;1,270;90,12;3655,1
20-05-2025 15:00;Dia;B;1726,5;1,219;88,47;3661,9
20-05-2025 16:00;Dia;B;1651,0;1,086;85,49;3620,2
20-05-2025 17:00;Dia;B;1625,2;0,954;82,52;3579,4
20-05-2025 18:00;Dia;B;1631,2;0,978;82,98;3638,9
20-05-2025 19:00;Dia;B;1607,9;0,966;84,50;3618,2
20-05-2025 20:00;Noche;B;1413,9;0,938;86,78;3448,7
20-05-2025 21:00;Noche;B;1424,6;0,949;85,29;3514,3
20-05-2025 22:00;Noche;B;1419,8;0,861;82,83;3452,7
20-05-2025 23:00;Noche;B;1431,5;1,039;82,68;3549,8
21-05-2025 00:00;Noche;B;1471,3;0,957;85,28;3536,4
21-05-2025 01:00;Noche;B;1499,5;0,950;84,52;3583,4
21-05-2025 02:00;Noche;B;1499,3;1,041;83,32;3497,0
21-05-2025 03:00;Noche;B;1499,7;0,941;84,38;3488,4
21-05-2025 04:00;Noche;B;1445,6;1,073;81,76;3425,8
21-05-2025 05:00;Noche;B;1450,3;1,151;83,34;3525,6
21-05-2025 06:00;Noche;B;1473,0;1,110;83,50;3475,5
21-05-2025 07:00;Noche;B;1467,4;1,035;83,19;3569,0
21-05-2025 08:00;Dia;B;1606,8;1,037;81,18;3612,8
21-05-2025 09:00;Dia;B;1584,1;0,940;84,07;3624,7
21-05-2025 10:00;Dia;B;1666,3;1,113;88,79;3599,9
21-05-2025 11:00;Dia;B;1752,8;1,110;84,57;3681,0
21-05-2025 12:00;Dia;B;1708,7;1,047;84,84;3683,6
21-05-2025 13:00;Dia;B;1705,6;0,994;86,06;3702,2
21-05-2025 14:00;Dia;B;1672,5;1,064;90,88;3603,6
21-05-2025 15:00;Dia;B;1705,9;1,161;88,33;3684,4
21-05-2025 16:00;Dia;B;1691,3;1,013;84,37;3628,5
21-05-2025 17:00;Dia;B;1660,7;0,975;84,27;3668,8
21-05-2025 18:00;Dia;B;1620,8;0,867;87,96;3601,5
21-05-2025 19:00;Dia;B;1602,0;0,978;86,96;3584,1
21-05-2025 20:00;Noche;B;1418,0;1,002;86,42;3495,0
21-05-2025 21:00;Noche;B;1438,9;1,165;90,16;3532,8
21-05-2025 22:00;Noche;B;1396,0;1,088;82,85;3451,3
21-05-2025 23:00;Noche;B;1417,4;1,028;78,24;3519,0
22-05-2025 00:00;Noche;B;1418,7;0,980;81,97;3435,1
22-05-2025 01:00;Noche;B;1463,5;1,071;84,61;3511,8
22-05-2025 02:00;Noche;B;1454,5;0,951;80,50;3454,2
22-05-2025 03:00;Noche;B;1496,0;1,061;83,23;3532,4
22-05-2025 04:00;Noche;B;1450,3;1,091;83,68;3463,9
22-05-2025 05:00;Noche;B;1485,0;1,059;84,09;3524,2
22-05-2025 06:00;Noche;B;1480,4;1,017;82,08;3546,7
22-05-2025 07:00;Noche;B;1498,0;1,135;82,58;3500,6
22-05-2025 08:00;Dia;B;1628,7;1,258;82,37;3554,6
22-05-2025 09:00;Dia;B;1674,4;1,161;83,31;3645,3
22-05-2025 10:00;Dia;B;1584,8;1,174;83,78;3618,0
22-05-2025 11:00;Dia;B;1614,9;1,263;88,74;3626,8
22-05-2025 12:00;Dia;B;1558,9;1,139;88,43;3549,3
22-05-2025 13:00;Dia;B;1627,1;1,091;83,69;3657,2
22-05-2025 14:00;Dia;B;1540,6;0,990;84,69;3559,8
22-05-2025 15:00;Dia;B;1511,8;1,004;87,91;3580,0
22-05-2025 16:00;Dia;B;1457,2;1,010;87,32;3481,2
22-05-2025 17:00;Dia;B;1550,7;0,985;88,45;3586,4
22-05-2025 18:00;Dia;B;1493,5;0,945;86,49;3575,7
22-05-2025 19:00;Dia;B;1506,0;0,860;86,45;3510,7
22-05-2025 20:00;Noche;B;1365,5;0,830;82,93;3434,7
22-05-2025 21:00;Noche;B;1295,6;0,840;84,60;3423,4
22-05-2025 22:00;Noche;B;1304,4;0,964;81,56;3423,2
22-05-2025 23:00;Noche;B;1354,1;0,954;84,92;3446,5
23-05-2025 00:00;Noche;B;1358,1;0,930;80,72;3430,4
23-05-2025 01:00;Noche;B;1411,5;1,029;77,57;3409,4
23-05-2025 02:00;Noche;B;1401,0;1,084;81,34;3463,0
23-05-2025 03:00;Noche;B;1413,2;1,027;81,57;3423,8
23-05-2025 04:00;Noche;B;1410,8;1,010;82,47;3476,8
23-05-2025 05:00;Noche;B;1444,2;1,097;84,34;3408,7
23-05-2025 06:00;Noche;B;1539,0;1,128;84,43;3613,3
23-05-2025 07:00;Noche;B;1549,0;1,062;82,21;3640,2
23-05-2025 08:00;Dia;B;1672,1;1,103;83,82;3664,3
23-05-2025 09:00;Dia;B;1641,7;1,105;85,04;3599,1
23-05-2025 10:00;Dia;B;1613,4;1,185;86,64;3604,0
23-05-2025 11:00;Dia;B;1684,3;1,084;89,99;3694,1
23-05-2025 12:00;Dia;B;1627,0;1,147;86,94;3650,4
23-05-2025 13:00;Dia;B;1589,1;1,145;86,61;3575,2
23-05-2025 14:00;Dia;B;1590,9;1,034;86,83;3646,8
23-05-2025 15:00;Dia;B;1573,8;1,114;85,65;3616,3
23-05-2025 16:00;Dia;B;1656,2;1,142;83,15;3657,7
23-05-2025 17:00;Dia;B;1531,7;0,993;81,96;3544,2
23-05-2025 18:00;Dia;B;1548,6;1,143;86,12;3564,8
23-05-2025 19:00;Dia;B;1572,5;1,000;84,25;3549,7
23-05-2025 20:00;Noche;B;1390,8;0,937;85,07;3468,1
23-05-2025 21:00;Noche;B;1363,1;0,946;82,85;3416,4
23-05-2025 22:00;Noche;B;1387,4;1,031;84,47;3498,7
23-05-2025 23:00;Noche;B;1456,9;1,069;82,87;3497,8
24-05-2025 00:00;Noche;B;1404,3;1,047;81,21;3471,2
24-05-2025 01:00;Noche;B;1340,4;1,145;82,93;3436,5
24-05-2025 02:00;Noche;B;1403,7;1,137;83,42;3476,6
24-05-2025 03:00;Noche;B;1479,0;1,209;87,26;3459,4
24-05-2025 04:00;Noche;B;1462,2;1,357;83,57;3553,4
24-05-2025 05:00;Noche;B;1375,4;1,255;84,86;3457,9
24-05-2025 06:00;Noche;B;1468,6;1,004;86,96;3494,4
24-05-2025 07:00;Noche;B;1472,7;1,021;88,77;3484,2
24-05-2025 08:00;Dia;B;1653,9;0,986;85,92;3610,3
24-05-2025 09:00;Dia;B;1652,2;1,049;84,16;3614,3
24-05-2025 10:00;Dia;B;1637,2;1,082;83,56;3630,5
24-05-2025 11:00;Dia;B;1621,7;1,001;84,38;3589,1
24-05-2025 12:00;Dia;B;1688,7;0,956;84,71;3667,6
24-05-2025 13:00;Dia;B;1734,0;0,989;85,64;3696,6
24-05-2025 14:00;Dia;B;1613,8;1,006;86,71;3589,4
24-05-2025 15:00;Dia;B;1569,6;0,836;82,66;3669,3
24-05-2025 16:00;Dia;B;1645,5;0,994;81,63;3626,2
24-05-2025 17:00;Dia;B;1607,7;1,008;80,24;3616,9
24-05-2025 18:00;Dia;B;1533,3;1,009;79,04;3559,2
24-05-2025 19:00;Dia;B;1531,3;1,030;81,03;3544,6
24-05-2025 20:00;Noche;B;1402,4;0,945;82,43;3493,2
24-05-2025 21:00;Noche;B;1394,8;0,970;88,41;3512,5
24-05-2025 22:00;Noche;B;1372,9;1,064;88,10;3442,3
24-05-2025 23:00;Noche;B;1364,6;1,124;86,74;3406,3
25-05-2025 00:00;Noche;B;1284,5;1,117;88,63;3409,2
25-05-2025 01:00;Noche;B;1313,4;1,066;84,82;3325,8
25-05-2025 02:00;Noche;B;1291,0;1,004;84,66;3400,0
25-05-2025 03:00;Noche;B;1300,8;1,132;86,94;3395,0
25-05-2025 04:00;Noche;B;1319,1;1,151;87,60;3428,1
25-05-2025 05:00;Noche;B;1398,4;1,097;86,85;3411,0
25-05-2025 06:00;Noche;B;1423,0;0,944;84,13;3469,8
25-05-2025 07:00;Noche;B;1424,8;0,957;81,29;3451,7
25-05-2025 08:00;Dia;B;1575,8;0,888;81,56;3566,5
25-05-2025 09:00;Dia;B;1595,0;1,079;82,27;3623,3
25-05-2025 10:00;Dia;B;1638,3;1,105;85,00;3622,4
25-05-2025 11:00;Dia;B;1645,3;1,047;84,50;3612,8
25-05-2025 12:00;Dia;B;1702,3;1,044;85,93;3715,5
25-05-2025 13:00;Dia;B;1723,0;1,246;83,37;3683,8
25-05-2025 14:00;Dia;B;1676,2;1,250;86,70;3576,8
25-05-2025 15:00;Dia;B;1620,7;1,059;83,58;3577,4
25-05-2025 16:00;Dia;B;1628,8;1,037;80,69;3634,5
25-05-2025 17:00;Dia;B;1614,8;0,940;78,79;3623,8
25-05-2025 18:00;Dia;B;1574,3;0,846;78,97;3587,4
25-05-2025 19:00;Dia;B;1482,3;0,931;83,61;3528,7
25-05-2025 20:00;Noche;B;1275,8;1,142;86,37;3354,1
25-05-2025 21:00;Noche;B;1301,1;1,196;83,44;3397,4
25-05-2025 22:00;Noche;B;1337,6;1,117;83,65;3377,0
25-05-2025 23:00;Noche;B;1367,4;1,047;83,16;3407,4
26-05-2025 00:00;Noche;B;1374,3;1,056;79,95;3408,4
26-05-2025 01:00;Noche;B;1427,8;1,128;79,66;3444,5
26-05-2025 02:00;Noche;B;-999;0,991;76,14;3450,8
26-05-2025 03:00;Noche;B;1433,0;0,892;76,46;3473,7
26-05-2025 04:00;Noche;B;1459,3;1,119;74,58;3470,9
26-05-2025 05:00;Noche;B;1432,6;1,131;76,77;3527,6
26-05-2025 06:00;Noche;B;1425,6;1,239;78,46;3468,8
26-05-2025 07:00;Noche;B;1361,8;1,200;79,24;3506,9
26-05-2025 08:00;Dia;B;1485,0;1,270;80,31;3566,1
26-05-2025 09:00;Dia;B;1451,7;1,154;84,35;3464,8
26-05-2025 10:00;Dia;B;1521,0;1,169;84,13;3588,3
26-05-2025 11:00;Dia;B;1556,1;1,251;85,77;3525,5
26-05-2025 12:00;Dia;B;1616,0;1,252;87,62;3669,7
26-05-2025 13:00;Dia;B;1634,2;1,137;88,38;3638,5
26-05-2025 14:00;Dia;B;1602,2;1,168;88,97;3567,8
26-05-2025 15:00;Dia;B;1614,7;1,063;85,90;3528,7
26-05-2025 16:00;Dia;B;1588,4;0,943;82,51;3576,9
26-05-2025 17:00;Dia;B;1605,8;1,017;81,96;3549,0
26-05-2025 18:00;Dia;B;1602,3;1,118;82,56;3635,4
26-05-2025 19:00;Dia;B;1541,4;1,131;83,57;3506,7
26-05-2025 20:00;Noche;B;1414,7;0,981;82,94;3463,2
26-05-2025 21:00;Noche;B;1410,5;1,058;86,01;3485,0
26-05-2025 22:00;Noche;B;1391,8;1,088;85,10;3453,5
26-05-2025 23:00;Noche;B;1429,4;1,025;88,07;3484,9
27-05-2025 00:00;Noche;B;1494,3;0,845;87,30;3505,6
27-05-2025 01:00;Noche;B;1458,8;1,011;85,22;3520,3
27-05-2025 02:00;Noche;B;1437,0;1,100;86,78;3445,9
27-05-2025 03:00;Noche;B;1345,5;1,126;79,54;3447,3
27-05-2025 04:00;Noche;B;1370,8;0,981;83,42;3399,0
27-05-2025 05:00;Noche;B;1381,6;0,924;83,92;3460,3
27-05-2025 06:00;Noche;B;1321,5;1,082;85,42;3376,8
27-05-2025 07:00;Noche;B;1382,8;1,156;81,81;3453,0
27-05-2025 08:00;Dia;B;1564,2;1,174;88,61;3597,9
27-05-2025 09:00;Dia;B;1556,0;1,128;86,48;3619,5
27-05-2025 10:00;Dia;B;1565,2;1,147;85,81;3513,4
27-05-2025 11:00;Dia;B;1546,1;1,084;87,75;3541,4
27-05-2025 12:00;Dia;B;1602,1;1,062;86,23;3568,8
27-05-2025 13:00;Dia;B;1545,1;1,002;83,65;3614,9
27-05-2025 14:00;Dia;B;1548,9;1,046;85,83;3538,1
27-05-2025 15:00;Dia;B;1642,2;1,014;83,17;3652,9
27-05-2025 16:00;Dia;B;1627,5;1,093;85,89;3595,6
27-05-2025 17:00;Dia;B;1629,3;1,114;86,01;3559,1
27-05-2025 18:00;Dia;B;1600,5;1,007;87,41;3596,3
27-05-2025 19:00;Dia;B;1532,2;1,144;84,34;3504,0
27-05-2025 20:00;Noche;B;1406,4;0,998;86,31;3493,1
27-05-2025 21:00;Noche;B;1419,0;1,036;86,11;3502,0
27-05-2025 22:00;Noche;B;1368,2;1,107;89,81;3487,5
27-05-2025 23:00;Noche;B;1388,5;1,165;86,41;3411,0
28-05-2025 00:00;Noche;B;1443,9;0,941;88,15;3541,9
28-05-2025 01:00;Noche;B;1481,4;;88,24;3542,8
28-05-2025 02:00;Noche;B;1402,2;1,154;88,57;3391,5
28-05-2025 03:00;Noche;B;1372,9;1,226;85,64;3525,4
28-05-2025 04:00;Noche;B;1329,0;0,998;85,06;3480,8
28-05-2025 05:00;Noche;B;1413,5;0,993;85,80;3434,0
28-05-2025 06:00;Noche;B;1461,9;1,038;83,39;3518,3
28-05-2025 07:00;Noche;B;1505,6;1,038;81,17;3485,9
28-05-2025 08:00;Dia;B;1594,5;1,173;81,57;3589,2
28-05-2025 09:00;Dia;B;1560,6;1,095;85,75;3582,6
28-05-2025 10:00;Dia;B;1587,5;1,192;86,39;3617,4
28-05-2025 11:00;Dia;B;1607,7;1,191;88,17;3577,0
28-05-2025 12:00;Dia;B;1580,4;1,035;86,96;3590,4
28-05-2025 13:00;Dia;B;1598,6;0,977;86,11;3567,4
28-05-2025 14:00;Dia;B;1629,2;0,979;86,05;3634,4
28-05-2025 15:00;Dia;B;1630,0;1,015;84,85;3643,6
28-05-2025 16:00;Dia;B;1572,6;1,097;87,94;3583,3
28-05-2025 17:00;Dia;B;1479,7;1,049;86,90;3563,2
28-05-2025 18:00;Dia;B;1483,7;1,100;86,79;3547,8
28-05-2025 19:00;Dia;B;1500,8;0,940;82,04;3540,9
28-05-2025 20:00;Noche;B;-999;0,741;82,11;3488,6
28-05-2025 21:00;Noche;B;1359,1;0,836;81,23;3387,1
28-05-2025 22:00;Noche;B;1337,2;0,950;81,34;3416,9
28-05-2025 23:00;Noche;B;1381,0;0,956;84,26;3377,6
29-05-2025 00:00;Noche;B;1383,8;0,915;81,12;3444,8
29-05-2025 01:00;Noche;B;1396,6;1,007;81,82;3436,2
29-05-2025 02:00;Noche;B;1364,3;1,176;84,71;3466,0
29-05-2025 03:00;Noche;B;1359,4;1,123;86,66;3417,3
29-05-2025 04:00;Noche;B;1393,5;1,053;84,05;3433,5
29-05-2025 05:00;Noche;B;1374,7;1,011;84,35;3445,2
29-05-2025 06:00;Noche;B;1354,2;1,202;85,83;3434,2
29-05-2025 07:00;Noche;B;1381,5;1,159;82,83;3478,5
29-05-2025 08:00;Dia;B;1588,8;1,185;79,26;3557,8
29-05-2025 09:00;Dia;B;1613,3;1,244;77,93;3552,0
29-05-2025 10:00;Dia;B;1685,2;1,263;82,54;3595,0
29-05-2025 11:00;Dia;B;1671,2;1,119;83,37;3690,5
29-05-2025 12:00;Dia;B;1650,9;1,176;81,69;3587,7
29-05-2025 13:00;Dia;B;1587,0;1,192;82,10;3577,7
29-05-2025 14:00;Dia;B;1569,3;1,169;82,67;3541,4
29-05-2025 15:00;Dia;B;1635,8;1,188;83,28;3655,3
29-05-2025 16:00;Dia;B;1634,4;1,076;83,56;3597,7
29-05-2025 17:00;Dia;B;1645,6;1,045;88,69;3669,1
29-05-2025 18:00;Dia;B;1648,5;0,991;85,05;3595,2
29-05-2025 19:00;Dia;B;1617,2;1,055;85,35;3610,3
29-05-2025 20:00;Noche;B;1462,9;0,984;82,82;3529,0
29-05-2025 21:00;Noche;B;1449,3;1,024;82,01;3526,0
29-05-2025 22:00;Noche;B;1462,1;0,937;80,23;3450,9
29-05-2025 23:00;Noche;B;1463,8;0,967;80,98;3481,8
30-05-2025 00:00;Noche;B;1468,8;0,970;80,59;3495,3
30-05-2025 01:00;Noche;B;1461,7;0,996;82,42;3425,5
30-05-2025 02:00;Noche;B;1421,5;1,036;83,36;3497,4
30-05-2025 03:00;Noche;B;1417,4;1,040;81,46;3484,6
30-05-2025 04:00;Noche;B;1390,6;1,045;86,41;3475,0
30-05-2025 05:00;Noche;B;1457,0;0,915;82,01;3447,5
30-05-2025 06:00;Noche;B;1380,6;1,085;84,22;3462,5
30-05-2025 07:00;Noche;B;1405,9;1,051;88,71;3490,9
30-05-2025 08:00;Dia;B;1657,0;1,061;85,49;3671,7
30-05-2025 09:00;Dia;B;1642,1;1,022;87,76;3606,7
30-05-2025 10:00;Dia;B;1597,8;1,135;90,22;3626,2
30-05-2025 11:00;Dia;B;1610,4;1,050;88,53;3683,6
30-05-2025 12:00;Dia;B;1672,5;1,104;83,50;3632,4
30-05-2025 13:00;Dia;B;1655,0;1,178;87,78;3621,9
30-05-2025 14:00;Dia;B;1670,2;1,248;87,65;3633,5
30-05-2025 15:00;Dia;B;1655,4;1,245;85,92;3578,5
30-05-2025 16:00;Dia;B;1619,7;1,195;88,45;3596,3
30-05-2025 17:00;Dia;B;1736,1;1,027;84,79;3740,4
30-05-2025 18:00;Dia;B;1689,8;1,117;87,49;3612,6
30-05-2025 19:00;Dia;B;1626,0;1,157;85,48;3597,5
30-05-2025 20:00;Noche;B;1457,5;1,152;86,33;3542,4
30-05-2025 21:00;Noche;B;1456,3;1,147;83,29;3515,5
30-05-2025 22:00;Noche;B;1456,4;1,093;82,53;3501,0
30-05-2025 23:00;Noche;B;1472,7;1,023;80,66;3488,8
31-05-2025 00:00;Noche;B;1460,8;1,109;80,69;3489,2
31-05-2025 01:00;Noche;B;1389,0;1,177;82,71;3449,9
31-05-2025 02:00;Noche;B;1421,8;1,048;82,13;3496,8
31-05-2025 03:00;Noche;B;1415,6;1,129;83,53;3472,0
31-05-2025 04:00;Noche;B;1416,8;1,130;86,47;3507,6
31-05-2025 05:00;Noche;B;1372,1;1,183;85,61;3377,4
31-05-2025 06:00;Noche;B;1381,1;1,171;81,17;3487,0
31-05-2025 07:00;Noche;B;1385,0;1,228;82,36;3441,8
31-05-2025 08:00;Dia;B;1539,5;1,254;83,90;3560,8
31-05-2025 09:00;Dia;B;1507,3;1,258;86,86;3527,0
31-05-2025 10:00;Dia;B;1546,5;1,087;87,71;3593,3
31-05-2025 11:00;Dia;B;1577,9;1,154;89,13;3585,4
31-05-2025 12:00;Dia;B;1547,0;1,128;87,11;3594,6
31-05-2025 13:00;Dia;B;1541,3;1,020;87,24;3537,0
31-05-2025 14:00;Dia;B;1523,2;1,091;83,66;3561,9
31-05-2025 15:00;Dia;B;1579,1;0,969;86,37;3633,6
31-05-2025 16:00;Dia;B;1471,9;1,065;87,13;3560,4
31-05-2025 17:00;Dia;B;1478,6;1,172;87,98;3506,4
31-05-2025 18:00;Dia;B;1423,9;1,064;85,46;3488,2
31-05-2025 19:00;Dia;B;1431,0;1,108;85,46;3470,3
31-05-2025 20:00;Noche;B;1367,5;1,097;83,58;3437,4
31-05-2025 21:00;Noche;B;1346,3;1,107;85,11;3426,9
31-05-2025 22:00;Noche;B;1362,5;;80,99;3479,8
31-05-2025 23:00;Noche;B;-999;1,038;84,34;3437,7
01-06-2025 00:00;Noche;B;1362,6;1,048;85,16;3487,6
01-06-2025 01:00;Noche;B;1396,4;1,104;89,11;3511,9
01-06-2025 02:00;Noche;B;1434,8;1,087;86,75;3431,7
01-06-2025 03:00;Noche;B;1365,1;1,165;85,77;3449,5
01-06-2025 04:00;Noche;B;1327,2;1,153;85,48;3400,2
01-06-2025 05:00;Noche;B;1395,1;1,181;85,25;3401,3
01-06-2025 06:00;Noche;B;1396,8;1,252;85,20;3425,6
01-06-2025 07:00;Noche;B;1398,9;1,205;82,59;3451,7
01-06-2025 08:00;Dia;B;1548,0;1,240;81,49;3628,5
01-06-2025 09:00;Dia;B;1504,5;1,201;81,72;3544,6
01-06-2025 10:00;Dia;B;1557,2;1,199;82,66;3569,0
01-06-2025 11:00;Dia;B;1564,0;1,116;80,88;3580,3
01-06-2025 12:00;Dia;B;1586,3;1,162;80,49;3567,5
01-06-2025 13:00;Dia;B;1551,4;1,215;82,32;3580,0
01-06-2025 14:00;Dia;B;1570,8;1,140;84,98;3581,0
01-06-2025 15:00;Dia;B;1529,6;1,158;84,93;3495,9
01-06-2025 16:00;Dia;B;1563,6;1,135;86,52;3555,7
01-06-2025 17:00;Dia;B;1591,7;1,004;87,34;3715,8
01-06-2025 18:00;Dia;B;1599,3;1,036;87,98;3615,4
01-06-2025 19:00;Dia;B;1584,9;1,123;86,13;3576,1
01-06-2025 20:00;Noche;B;1456,4;1,036;84,13;3522,1
01-06-2025 21:00;Noche;B;1308,4;0,894;79,16;3366,5
01-06-2025 22:00;Noche;B;1345,8;0,965;79,57;3427,6
01-06-2025 23:00;Noche;B;1328,4;0,946;81,85;3445,0
02-06-2025 00:00;Noche;B;1403,1;1,129;80,98;3398,1
02-06-2025 01:00;Noche;B;-999;1,092;84,79;3425,5
02-06-2025 02:00;Noche;B;1344,8;1,080;87,32;3408,6
02-06-2025 03:00;Noche;B;1348,2;1,034;84,75;3417,1
02-06-2025 04:00;Noche;B;1406,0;1,080;86,46;3446,8
02-06-2025 05:00;Noche;B;1485,9;1,050;82,19;3528,5
02-06-2025 06:00;Noche;B;1464,4;1,012;80,38;3546,2
02-06-2025 07:00;Noche;B;1440,0;1,055;81,23;3509,0
02-06-2025 08:00;Dia;B;1643,3;1,025;82,31;3663,3
02-06-2025 09:00;Dia;B;1609,1;1,164;83,58;3645,4
02-06-2025 10:00;Dia;B;1707,8;1,054;81,81;3647,3
02-06-2025 11:00;Dia;B;1695,9;1,071;87,38;3673,4
02-06-2025 12:00;Dia;B;1645,4;1,029;86,87;3618,4
02-06-2025 13:00;Dia;B;1682,7;0,950;86,25;3679,7
02-06-2025 14:00;Dia;B;1736,4;1,124;88,06;3674,2
02-06-2025 15:00;Dia;B;1640,7;0,936;86,29;3619,1
02-06-2025 16:00;Dia;B;1689,8;1,088;85,90;3717,2
02-06-2025 17:00;Dia;B;1644,6;0,956;83,57;3616,4
02-06-2025 18:00;Dia;B;1680,7;0,991;80,45;3584,2
02-06-2025 19:00;Dia;B;1625,7;1,167;86,14;3609,6
02-06-2025 20:00;Noche;B;1411,7;0,940;82,29;3480,6
02-06-2025 21:00;Noche;B;1427,0;0,872;78,70;3457,8
02-06-2025 22:00;Noche;B;1456,2;1,035;79,52;3495,4
02-06-2025 23:00;Noche;B;1528,2;1,045;77,72;3574,2
03-06-2025 00:00;Noche;B;1568,9;1,003;83,99;3541,8
03-06-2025 01:00;Noche;B;1559,5;1,023;84,52;3548,7
03-06-2025 02:00;Noche;B;1517,3;0,972;86,69;3504,4
03-06-2025 03:00;Noche;B;1478,4;1,030;88,65;3520,8
03-06-2025 04:00;Noche;B;1463,6;1,169;88,59;3497,1
03-06-2025 05:00;Noche;B;1434,6;1,112;87,78;3452,4
03-06-2025 06:00;Noche;B;1440,6;1,123;84,87;3487,8
03-06-2025 07:00;Noche;B;1353,3;1,210;85,06;3510,6
03-06-2025 08:00;Dia;B;1524,8;1,316;84,48;3488,4
03-06-2025 09:00;Dia;B;1556,1;1,183;84,44;3522,3
03-06-2025 10:00;Dia;B;1688,8;1,173;83,32;3670,4
03-06-2025 11:00;Dia;B;1711,3;1,100;86,53;3621,5
03-06-2025 12:00;Dia;B;1673,9;1,049;87,38;3722,8
03-06-2025 13:00;Dia;B;1686,5;1,033;86,14;3602,3
03-06-2025 14:00;Dia;B;1616,7;;81,91;3564,7
03-06-2025 15:00;Dia;B;1585,8;0,896;83,89;3573,1
03-06-2025 16:00;Dia;B;1504,7;0,813;85,34;3579,5
03-06-2025 17:00;Dia;B;1578,0;0,855;84,66;3611,7
03-06-2025 18:00;Dia;B;1593,2;0,938;81,96;3609,4
03-06-2025 19:00;Dia;B;1526,7;1,061;84,32;3555,0
03-06-2025 20:00;Noche;B;1401,2;1,000;86,16;3511,5
03-06-2025 21:00;Noche;B;1438,0;0,994;80,99;3416,0
03-06-2025 22:00;Noche;B;1446,3;1,054;83,51;3497,1
03-06-2025 23:00;Noche;B;1448,8;1,097;79,90;3540,3
04-06-2025 00:00;Noche;B;1401,0;1,063;81,37;3417,5
04-06-2025 01:00;Noche;B;1377,6;1,055;85,87;3454,9
04-06-2025 02:00;Noche;B;1394,9;1,198;85,92;3500,3
04-06-2025 03:00;Noche;B;1447,1;1,121;85,82;3535,7
04-06-2025 04:00;Noche;B;1417,7;1,073;84,08;3468,4
04-06-2025 05:00;Noche;B;1388,0;0,968;83,31;3527,1
04-06-2025 06:00;Noche;B;1465,2;1,066;88,94;3527,7
04-06-2025 07:00;Noche;B;1439,6;1,070;89,91;3535,9
04-06-2025 08:00;Dia;B;1627,2;1,233;88,01;3575,7
04-06-2025 09:00;Dia;B;1644,4;1,157;85,78;3600,5
04-06-2025 10:00;Dia;B;1684,2;1,196;85,89;3627,0
04-06-2025 11:00;Dia;B;1749,3;1,223;90,70;3762,2
04-06-2025 12:00;Dia;B;1751,6;1,285;89,66;3612,0
04-06-2025 13:00;Dia;B;1753,6;1,096;89,64;3631,3
04-06-2025 14:00;Dia;B;1679,9;1,196;87,76;3682,1
04-06-2025 15:00;Dia;B;1629,4;1,132;83,91;3624,7
04-06-2025 16:00;Dia;B;1642,9;1,081;87,05;3515,5
04-06-2025 17:00;Dia;B;1685,7;1,034;85,77;3634,1
04-06-2025 18:00;Dia;B;1707,6;0,998;83,36;3647,9
04-06-2025 19:00;Dia;B;1759,2;0,979;82,04;3733,0
04-06-2025 20:00;Noche;B;1591,1;0,822;80,33;3510,2
04-06-2025 21:00;Noche;B;1549,1;0,946;80,65;3532,9
04-06-2025 22:00;Noche;B;1551,1;0,984;78,55;3591,3
04-06-2025 23:00;Noche;B;1512,2;0,934;82,65;3554,8
05-06-2025 00:00;Noche;B;1481,9;0,977;83,73;3473,3
05-06-2025 01:00;Noche;B;1421,0;1,180;86,69;3459,4
05-06-2025 02:00;Noche;B;1465,1;1,157;84,78;3443,9
05-06-2025 03:00;Noche;B;1416,1;1,095;84,83;3520,6
05-06-2025 04:00;Noche;B;1450,8;1,220;85,50;3478,2
05-06-2025 05:00;Noche;B;1400,4;1,110;87,01;3512,8
05-06-2025 06:00;Noche;B;1472,5;1,101;87,56;3543,2
05-06-2025 07:00;Noche;B;1440,9;1,068;86,85;3464,4
05-06-2025 08:00;Dia;B;1618,4;1,074;84,51;3604,7
05-06-2025 09:00;Dia;B;1560,8;1,147;82,44;3600,8
05-06-2025 10:00;Dia;B;1566,1;1,174;82,03;3598,4
05-06-2025 11:00;Dia;B;1637,0;1,088;81,60;3683,6
05-06-2025 12:00;Dia;B;1604,5;1,080;81,86;3648,8
05-06-2025 13:00;Dia;B;1613,6;1,086;80,61;3624,8
05-06-2025 14:00;Dia;B;1593,4;1,046;85,80;3624,6
05-06-2025 15:00;Dia;B;1496,7;1,045;86,05;3511,0
05-06-2025 16:00;Dia;B;1529,3;0,989;80,94;3533,0
05-06-2025 17:00;Dia;B;1554,2;0,952;79,77;3589,8
05-06-2025 18:00;Dia;B;1504,0;0,984;78,79;3545,7
05-06-2025 19:00;Dia;B;1533,3;0,922;80,99;3507,5
05-06-2025 20:00;Noche;B;1375,2;0,992;84,63;3444,6
05-06-2025 21:00;Noche;B;1336,5;0,988;82,06;3391,5
05-06-2025 22:00;Noche;B;1349,7;0,934;83,56;3406,8
05-06-2025 23:00;Noche;B;1331,8;0,932;82,66;3462,7
06-06-2025 00:00;Noche;B;1445,5;0,945;85,19;3450,3
06-06-2025 01:00;Noche;B;1372,4;0,982;87,32;3416,1
06-06-2025 02:00;Noche;B;1418,1;1,029;86,49;3490,6
06-06-2025 03:00;Noche;B;1467,4;1,037;86,76;3505,0
06-06-2025 04:00;Noche;B;1384,6;0,999;85,17;3459,6
06-06-2025 05:00;Noche;B;1337,6;1,151;84,54;3374,0
06-06-2025 06:00;Noche;B;1403,0;1,200;82,30;3469,9
06-06-2025 07:00;Noche;B;1411,8;1,171;83,88;3465,7
06-06-2025 08:00;Dia;B;1577,3;1,218;84,45;3555,1
06-06-2025 09:00;Dia;B;1644,6;1,196;83,93;3608,5
06-06-2025 10:00;Dia;B;1631,8;1,139;84,08;3612,3
06-06-2025 11:00;Dia;B;1592,0;1,129;84,16;3630,7
06-06-2025 12:00;Dia;B;1490,1;1,306;83,53;3606,2
06-06-2025 13:00;Dia;B;1533,5;1,276;83,45;3567,6
06-06-2025 14:00;Dia;B;1514,4;1,256;86,96;3605,1
06-06-2025 15:00;Dia;B;1547,7;1,134;85,45;3573,4
06-06-2025 16:00;Dia;B;1564,3;1,134;88,41;3522,4
06-06-2025 17:00;Dia;B;1504,2;1,250;85,39;3539,1
06-06-2025 18:00;Dia;B;1585,4;1,176;82,21;3631,3
06-06-2025 19:00;Dia;B;1615,8;1,180;83,66;3651,5
06-06-2025 20:00;Noche;B;1506,2;1,196;85,89;3496,6
06-06-2025 21:00;Noche;B;1427,1;1,160;83,82;3559,9
06-06-2025 22:00;Noche;B;1400,3;1,211;85,66;3431,9
06-06-2025 23:00;Noche;B;1375,3;1,145;86,78;3415,5
07-06-2025 00:00;Noche;B;1364,5;1,134;87,85;3416,0
07-06-2025 01:00;Noche;B;1329,8;1,052;85,49;3467,5
07-06-2025 02:00;Noche;B;1373,3;1,250;85,70;3457,2
07-06-2025 03:00;Noche;B;1402,0;1,196;81,39;3495,6
07-06-2025 04:00;Noche;B;1434,0;1,158;82,38;3402,7
07-06-2025 05:00;Noche;B;1426,2;1,235;84,19;3480,6
07-06-2025 06:00;Noche;B;1500,0;1,145;86,94;3527,3
07-06-2025 07:00;Noche;B;1512,7;1,132;83,22;3568,0
07-06-2025 08:00;Dia;B;1521,8;1,069;81,65;3533,8
07-06-2025 09:00;Dia;B;1528,3;1,092;80,84;3601,4
07-06-2025 10:00;Dia;B;1557,8;1,073;84,27;3552,4
07-06-2025 11:00;Dia;B;1621,8;1,125;79,50;3567,3
07-06-2025 12:00;Dia;B;1614,4;1,100;79,42;3554,1
07-06-2025 13:00;Dia;B;1607,7;1,046;85,86;3656,4
07-06-2025 14:00;Dia;B;1581,2;1,032;86,84;3620,1
07-06-2025 15:00;Dia;B;1612,6;1,031;83,24;3581,1
07-06-2025 16:00;Dia;B;1584,5;0,996;83,52;3630,5
07-06-2025 17:00;Dia;B;1552,1;1,077;86,17;3560,7
07-06-2025 18:00;Dia;B;1517,8;1,099;86,88;3538,2
07-06-2025 19:00;Dia;B;1543,0;1,070;85,33;3501,4
07-06-2025 20:00;Noche;B;1393,5;0,957;82,52;3439,4
07-06-2025 21:00;Noche;B;1322,0;1,019;84,98;3416,8
07-06-2025 22:00;Noche;B;1364,7;0,926;83,80;3444,9
07-06-2025 23:00;Noche;B;1342,2;0,985;85,45;3401,6
08-06-2025 00:00;Noche;B;1302,0;1,013;85,46;3433,5
08-06-2025 01:00;Noche;B;1328,4;0,988;83,36;3466,6
08-06-2025 02:00;Noche;B;1387,1;0,963;86,08;3421,5
08-06-2025 03:00;Noche;B;1429,0;0,965;83,73;3494,0
08-06-2025 04:00;Noche;B;1397,3;1,172;85,56;3406,0
08-06-2025 05:00;Noche;B;1395,4;1,122;83,42;3479,0
08-06-2025 06:00;Noche;B;1351,1;1,103;83,14;3403,9
08-06-2025 07:00;Noche;B;1446,0;1,179;83,54;3495,7
08-06-2025 08:00;Dia;B;1587,9;1,182;82,75;3598,6
08-06-2025 09:00;Dia;B;1645,8;1,229;84,54;3621,7
08-06-2025 10:00;Dia;B;1617,4;1,087;86,95;3653,4
08-06-2025 11:00;Dia;B;1522,4;1,015;89,71;3528,8
08-06-2025 12:00;Dia;B;1599,3;1,290;92,43;3588,2
08-06-2025 13:00;Dia;B;1593,3;1,191;89,09;3613,2
08-06-2025 14:00;Dia;B;1586,4;1,112;90,43;3594,5
08-06-2025 15:00;Dia;B;1573,3;1,095;89,20;3595,1
08-06-2025 16:00;Dia;B;1583,4;1,140;91,67;3581,8
08-06-2025 17:00;Dia;B;1581,6;1,002;85,61;3556,0
08-06-2025 18:00;Dia;B;1486,7;1,029;88,37;3548,0
08-06-2025 19:00;Dia;B;1524,5;1,019;85,37;3546,8
08-06-2025 20:00;Noche;B;1362,4;1,064;87,50;3473,6
08-06-2025 21:00;Noche;B;1331,9;1,053;85,02;3468,1
08-06-2025 22:00;Noche;B;1401,1;0,999;86,09;3447,2
08-06-2025 23:00;Noche;B;1420,1;0,949;84,02;3443,6
09-06-2025 00:00;Noche;B;-999;0,813;78,70;3474,6
09-06-2025 01:00;Noche;B;1366,0;0,992;78,98;3413,5
09-06-2025 02:00;Noche;B;1389,1;;79,61;3379,8
09-06-2025 03:00;Noche;B;1426,8;0,962;81,08;3538,3
09-06-2025 04:00;Noche;B;1433,9;1,141;78,14;3500,1
09-06-2025 05:00;Noche;B;1395,0;1,094;77,72;3549,3
09-06-2025 06:00;Noche;B;1389,3;1,147;79,01;3442,8
09-06-2025 07:00;Noche;B;1369,0;1,118;80,62;3475,6
09-06-2025 08:00;Dia;B;1538,2;1,169;83,00;3571,7
09-06-2025 09:00;Dia;B;1601,8;1,147;82,00;3601,1
09-06-2025 10:00;Dia;B;1658,5;1,094;79,77;3676,6
09-06-2025 11:00;Dia;B;1626,0;1,195;83,15;3621,9
09-06-2025 12:00;Dia;B;1640,1;1,129;83,12;3628,1
09-06-2025 13:00;Dia;B;1660,8;1,009;85,24;3649,3
09-06-2025 14:00;Dia;B;1627,4;1,009;83,95;3539,6
09-06-2025 15:00;Dia;B;1613,0;1,066;85,97;3584,4
09-06-2025 16:00;Dia;B;1692,8;0,972;83,13;3630,7
09-06-2025 17:00;Dia;B;1667,4;1,052;84,63;3699,4
09-06-2025 18:00;Dia;B;1672,5;1,091;85,02;3660,5
09-06-2025 19:00;Dia;B;1617,4;1,208;86,49;3630,5
09-06-2025 20:00;Noche;B;1473,5;1,073;83,11;3532,7
09-06-2025 21:00;Noche;B;1380,4;1,093;83,32;3442,5
09-06-2025 22:00;Noche;B;1381,3;0,939;80,83;3508,7
09-06-2025 23:00;Noche;B;1434,2;0,948;81,33;3472,2
10-06-2025 00:00;Noche;B;1514,2;0,997;83,49;3477,2
10-06-2025 01:00;Noche;B;1539,6;1,051;89,90;3568,2
10-06-2025 02:00;Noche;B;1541,3;1,054;87,34;3590,6
10-06-2025 03:00;Noche;B;1520,6;1,059;87,27;3540,3
10-06-2025 04:00;Noche;B;1482,5;1,030;85,82;3528,7
10-06-2025 05:00;Noche;B;1477,1;1,031;87,28;3550,0
10-06-2025 06:00;Noche;B;1509,8;1,090;87,16;3594,3
10-06-2025 07:00;Noche;B;1479,1;1,142;88,51;3543,7
10-06-2025 08:00;Dia;B;1650,9;1,178;87,98;3693,3
10-06-2025 09:00;Dia;B;1610,7;1,222;92,22;3620,0
10-06-2025 10:00;Dia;B;1547,3;1,257;92,73;3648,7
10-06-2025 11:00;Dia;B;1530,9;1,057;85,27;3512,7
10-06-2025 12:00;Dia;B;1488,9;1,034;85,66;3572,0
10-06-2025 13:00;Dia;B;1466,5;1,042;85,58;3533,6
10-06-2025 14:00;Dia;B;1550,8;1,005;80,46;3578,5
10-06-2025 15:00;Dia;B;1553,4;1,100;80,92;3527,1
10-06-2025 16:00;Dia;B;1568,1;1,125;81,80;3619,8
10-06-2025 17:00;Dia;B;1613,9;1,072;81,28;3598,9
10-06-2025 18:00;Dia;B;1648,2;1,056;82,81;3587,8
10-06-2025 19:00;Dia;B;-999;1,127;80,06;3565,8
10-06-2025 20:00;Noche;B;1511,7;1,049;82,96;3525,1
10-06-2025 21:00;Noche;B;1497,2;1,010;84,71;3525,9
10-06-2025 22:00;Noche;B;1470,1;1,079;85,34;3470,2
10-06-2025 23:00;Noche;B;1469,3;1,089;84,03;3468,0
11-06-2025 00:00;Noche;B;1392,6;1,169;84,33;3468,9
11-06-2025 01:00;Noche;B;1365,1;1,143;83,05;3434,5
11-06-2025 02:00;Noche;B;1377,0;1,162;85,89;3517,6
11-06-2025 03:00;Noche;B;1420,8;1,086;85,74;3459,3
11-06-2025 04:00;Noche;B;1417,2;1,022;88,72;3502,2
11-06-2025 05:00;Noche;B;1429,5;1,058;86,04;3549,2
11-06-2025 06:00;Noche;B;1489,1;0,892;87,22;3518,3
11-06-2025 07:00;Noche;B;1555,9;1,023;85,12;3606,2
11-06-2025 08:00;Dia;B;1701,5;1,136;85,02;3674,4
11-06-2025 09:00;Dia;B;1743,2;1,132;82,78;3693,6
11-06-2025 10:00;Dia;B;1704,5;1,107;84,69;3728,2
11-06-2025 11:00;Dia;B;1678,5;1,183;85,22;3618,3
11-06-2025 12:00;Dia;B;1682,9;1,138;86,48;3635,7
11-06-2025 13:00;Dia;B;1657,0;1,181;89,52;3576,6
11-06-2025 14:00;Dia;B;1624,8;1,285;88,55;3615,7
11-06-2025 15:00;Dia;B;1686,7;1,231;88,17;3692,6
11-06-2025 16:00;Dia;B;1650,5;1,210;89,07;3622,3
11-06-2025 17:00;Dia;B;1586,5;1,162;87,30;3619,0
11-06-2025 18:00;Dia;B;1595,2;1,115;85,03;3563,6
11-06-2025 19:00;Dia;B;1654,8;1,088;85,49;3667,0
11-06-2025 20:00;Noche;B;1503,3;1,058;85,90;3524,2
11-06-2025 21:00;Noche;B;1526,5;1,115;87,09;3522,8
11-06-2025 22:00;Noche;B;1473,5;0,956;86,66;3565,4
11-06-2025 23:00;Noche;B;1432,7;0,969;83,83;3478,6
12-06-2025 00:00;Noche;B;1396,0;1,047;84,84;3476,8
12-06-2025 01:00;Noche;B;1394,7;0,989;86,45;3459,8
12-06-2025 02:00;Noche;B;1480,9;1,016;84,21;3535,8
12-06-2025 03:00;Noche;B;1424,6;0,995;84,41;3481,5
12-06-2025 04:00;Noche;B;1504,4;1,071;83,03;3485,2
12-06-2025 05:00;Noche;B;1457,9;1,148;84,12;3513,4
12-06-2025 06:00;Noche;B;1459,9;1,236;88,40;3524,9
12-06-2025 07:00;Noche;B;1509,8;1,219;87,35;3555,6
12-06-2025 08:00;Dia;B;1661,2;1,122;83,90;3629,9
12-06-2025 09:00;Dia;B;1671,6;1,138;85,12;3713,4
12-06-2025 10:00;Dia;B;1598,5;1,166;85,78;3577,2
12-06-2025 11:00;Dia;B;1627,0;1,238;88,47;3627,1
12-06-2025 12:00;Dia;B;1588,1;1,018;83,31;3606,6
12-06-2025 13:00;Dia;B;1706,4;1,071;82,31;3632,3
12-06-2025 14:00;Dia;B;1674,2;0,936;82,48;3607,2
12-06-2025 15:00;Dia;B;1662,3;1,038;80,56;3665,6
12-06-2025 16:00;Dia;B;1592,5;1,069;84,84;3620,2
12-06-2025 17:00;Dia;B;1563,4;1,085;80,67;3579,8
12-06-2025 18:00;Dia;B;-999;1,117;80,75;3475,7
12-06-2025 19:00;Dia;B;1550,0;1,097;79,10;3549,6
12-06-2025 20:00;Noche;B;1410,2;1,012;79,31;3479,4
12-06-2025 21:00;Noche;B;1428,6;1,037;82,87;3502,2
12-06-2025 22:00;Noche;B;2154,2;1,115;84,88;3496,9
12-06-2025 23:00;Noche;B;1369,5;1,067;86,14;3456,4
13-06-2025 00:00;Noche;B;1431,7;1,056;86,25;3513,0
13-06-2025 01:00;Noche;B;1386,7;0,968;80,26;3511,0
13-06-2025 02:00;Noche;B;1322,1;1,095;82,66;3326,4
13-06-2025 03:00;Noche;B;1371,1;1,052;78,88;3480,0
13-06-2025 04:00;Noche;B;1347,6;1,017;79,43;3415,8
13-06-2025 05:00;Noche;B;1364,2;1,024;80,23;3462,5
13-06-2025 06:00;Noche;B;1437,7;1,002;80,31;3501,3
13-06-2025 07:00;Noche;B;1423,7;1,036;82,91;3450,8
13-06-2025 08:00;Dia;B;1607,1;1,165;82,47;3571,7
13-06-2025 09:00;Dia;B;1590,6;1,200;87,40;3612,7
13-06-2025 10:00;Dia;B;1669,6;1,262;88,29;3641,2
13-06-2025 11:00;Dia;B;1720,8;1,296;90,11;3707,4
13-06-2025 12:00;Dia;B;1681,6;1,139;89,30;3642,7
13-06-2025 13:00;Dia;B;1659,7;1,146;89,72;3721,0
13-06-2025 14:00;Dia;B;1613,2;1,216;88,41;3603,4
13-06-2025 15:00;Dia;B;1617,0;1,305;92,11;3688,8
13-06-2025 16:00;Dia;B;1655,0;1,082;86,28;3606,5
13-06-2025 17:00;Dia;B;1569,7;0,954;85,94;3598,8
13-06-2025 18:00;Dia;B;1600,7;1,016;85,52;3635,6
13-06-2025 19:00;Dia;B;1526,3;0,990;84,32;3497,5
13-06-2025 20:00;Noche;B;1367,3;0,928;84,37;3408,6
13-06-2025 21:00;Noche;B;1297,7;0,993;82,68;3413,0
13-06-2025 22:00;Noche;B;1408,8;0,948;84,48;3507,0
13-06-2025 23:00;Noche;B;1407,3;0,821;84,72;3512,8
14-06-2025 00:00;Noche;B;1416,2;0,917;84,39;3488,3
14-06-2025 01:00;Noche;B;1387,5;0,987;85,59;3488,9
14-06-2025 02:00;Noche;B;1443,2;1,068;82,80;3444,1
14-06-2025 03:00;Noche;B;1356,5;1,141;79,67;3419,2
14-06-2025 04:00;Noche;B;1385,8;1,132;80,11;3507,8
14-06-2025 05:00;Noche;B;1504,0;1,102;81,01;3511,3
14-06-2025 06:00;Noche;B;1488,2;1,059;87,23;3516,0
14-06-2025 07:00;Noche;B;1496,7;0,967;84,92;3469,8
14-06-2025 08:00;Dia;B;1653,2;1,004;86,84;3626,1
14-06-2025 09:00;Dia;B;1619,7;1,126;88,28;3556,8
14-06-2025 10:00;Dia;B;1629,8;1,165;91,69;3636,0
14-06-2025 11:00;Dia;B;1675,7;1,283;90,18;3706,1
14-06-2025 12:00;Dia;B;1675,7;1,185;89,44;3664,3
14-06-2025 13:00;Dia;B;1679,8;1,008;86,53;3661,2
14-06-2025 14:00;Dia;B;1648,6;1,092;84,51;3619,9
14-06-2025 15:00;Dia;B;1648,4;1,146;83,01;3652,5
14-06-2025 16:00;Dia;B;1632,6;1,012;81,54;3579,8
14-06-2025 17:00;Dia;B;1674,8;0,902;85,06;3626,6
14-06-2025 18:00;Dia;B;1671,4;0,964;85,46;3716,8
14-06-2025 19:00;Dia;B;1624,7;1,036;84,90;3558,6
14-06-2025 20:00;Noche;B;1374,5;0,944;84,01;3427,5
14-06-2025 21:00;Noche;B;1408,3;;82,53;3415,7
14-06-2025 22:00;Noche;B;1435,1;0,925;82,51;3526,0
14-06-2025 23:00;Noche;B;1386,0;0,886;82,27;3440,9
15-06-2025 00:00;Noche;B;1236,0;0,860;83,50;3309,9
15-06-2025 01:00;Noche;B;1215,3;0,956;85,44;3298,1
15-06-2025 02:00;Noche;B;1290,7;0,978;81,03;3432,0
15-06-2025 03:00;Noche;B;1268,2;0,976;82,23;3404,1
15-06-2025 04:00;Noche;B;1281,7;0,841;84,61;3419,4
15-06-2025 05:00;Noche;B;1325,0;1,084;83,00;3417,8
15-06-2025 06:00;Noche;B;1404,0;1,029;82,53;3504,8
15-06-2025 07:00;Noche;B;1414,5;1,058;83,59;3529,6
15-06-2025 08:00;Dia;B;1541,6;1,003;85,85;3587,7
15-06-2025 09:00;Dia;B;1529,5;1,081;86,89;3500,1
15-06-2025 10:00;Dia;B;1612,2;0,985;85,04;3539,8
15-06-2025 11:00;Dia;B;1649,4;1,044;86,20;3582,5
15-06-2025 12:00;Dia;B;1626,3;1,050;87,91;3631,6
15-06-2025 13:00;Dia;B;1551,1;1,127;88,03;3520,2
15-06-2025 14:00;Dia;B;1516,0;1,019;90,28;3512,3
15-06-2025 15:00;Dia;B;1542,6;0,985;88,77;3567,5
15-06-2025 16:00;Dia;B;1503,1;0,990;84,88;3507,2
15-06-2025 17:00;Dia;B;1536,5;1,155;84,01;3510,4
15-06-2025 18:00;Dia;B;1535,0;0,986;83,17;3587,9
15-06-2025 19:00;Dia;B;1527,4;1,017;83,22;3563,0
15-06-2025 20:00;Noche;B;1414,3;0,966;84,47;3500,7
15-06-2025 21:00;Noche;B;1411,5;1,008;85,01;3501,3
15-06-2025 22:00;Noche;B;1352,3;1,059;88,26;3481,6
15-06-2025 23:00;Noche;B;1331,3;1,054;88,04;3413,3
16-06-2025 00:00;Noche;B;1499,7;1,065;89,34;3511,9
16-06-2025 01:00;Noche;B;1427,8;1,078;85,42;3410,4
16-06-2025 02:00;Noche;B;1408,8;1,030;83,43;3455,0
16-06-2025 03:00;Noche;B;1463,8;1,036;84,80;3477,9
16-06-2025 04:00;Noche;B;1458,4;0,942;83,84;3537,0
16-06-2025 05:00;Noche;B;1431,7;0,988;85,07;3509,7
16-06-2025 06:00;Noche;B;1394,5;0,988;84,92;3518,9
16-06-2025 07:00;Noche;B;1448,2;1,027;83,33;3541,4
16-06-2025 08:00;Dia;B;1631,5;1,120;87,77;3661,3
16-06-2025 09:00;Dia;B;1696,3;1,144;89,16;3680,0
16-06-2025 10:00;Dia;B;1688,5;1,162;84,43;3662,9
16-06-2025 11:00;Dia;B;1723,3;1,212;83,87;3666,6
16-06-2025 12:00;Dia;B;1659,9;0,985;83,38;3640,9
16-06-2025 13:00;Dia;B;1659,5;1,056;85,74;3606,1
16-06-2025 14:00;Dia;B;1619,5;1,056;85,32;3629,1
16-06-2025 15:00;Dia;B;1620,7;1,044;82,27;3610,6
16-06-2025 16:00;Dia;B;1641,0;0,945;84,46;3549,6
16-06-2025 17:00;Dia;B;1664,9;1,019;84,32;3537,1
16-06-2025 18:00;Dia;B;1592,1;1,099;87,34;3560,7
16-06-2025 19:00;Dia;B;1628,7;1,132;87,08;3589,8
16-06-2025 20:00;Noche;B;1460,4;1,069;87,80;3488,6
16-06-2025 21:00;Noche;B;1399,5;1,088;88,14;3506,5
16-06-2025 22:00;Noche;B;1389,7;1,121;88,49;3428,3
16-06-2025 23:00;Noche;B;1329,0;1,208;86,10;3366,1
17-06-2025 00:00;Noche;B;1347,5;1,218;87,59;3437,4
17-06-2025 01:00;Noche;B;1376,5;1,152;86,30;3478,4
17-06-2025 02:00;Noche;B;1381,8;1,119;82,51;3506,3
17-06-2025 03:00;Noche;B;1421,3;1,112;82,13;3435,8
17-06-2025 04:00;Noche;B;1420,1;1,118;82,13;3465,2
17-06-2025 05:00;Noche;B;1437,3;1,075;83,60;3472,4
17-06-2025 06:00;Noche;B;1393,7;1,145;85,60;3519,1
17-06-2025 07:00;Noche;B;1427,0;1,082;82,47;3513,2
17-06-2025 08:00;Dia;B;1536,9;1,039;84,53;3559,7
17-06-2025 09:00;Dia;B;1547,7;1,098;84,70;3594,3
17-06-2025 10:00;Dia;B;1570,9;1,061;82,37;3571,2
17-06-2025 11:00;Dia;B;1599,3;1,060;85,14;3595,6
17-06-2025 12:00;Dia;B;1541,1;0,923;82,69;3566,0
17-06-2025 13:00;Dia;B;1497,6;1,048;81,57;3521,7
17-06-2025 14:00;Dia;B;1514,0;1,052;84,58;3539,7
17-06-2025 15:00;Dia;B;1554,2;1,040;86,58;3584,7
17-06-2025 16:00;Dia;B;1574,7;1,069;84,68;3590,9
17-06-2025 17:00;Dia;B;1607,8;1,063;86,93;3653,6
17-06-2025 18:00;Dia;B;1645,4;0,990;87,68;3651,3
17-06-2025 19:00;Dia;B;1636,3;1,141;86,02;3608,4
17-06-2025 20:00;Noche;B;1485,2;1,048;89,10;3434,7
17-06-2025 21:00;Noche;B;1418,0;1,100;87,20;3416,4
17-06-2025 22:00;Noche;B;1370,9;1,193;86,94;3420,9
17-06-2025 23:00;Noche;B;1356,8;1,072;80,18;3415,2
18-06-2025 00:00;Noche;B;1379,3;1,062;82,77;3395,1
18-06-2025 01:00;Noche;B;1397,5;0,997;81,33;3440,7
18-06-2025 02:00;Noche;B;1406,2;1,102;83,54;3465,0
18-06-2025 03:00;Noche;B;1410,7;1,066;79,79;3442,6
18-06-2025 04:00;Noche;B;1451,8;0,998;83,31;3488,4
18-06-2025 05:00;Noche;B;1469,6;1,138;87,20;3504,0
18-06-2025 06:00;Noche;B;1491,1;1,190;90,33;3498,2
18-06-2025 07:00;Noche;B;1511,1;1,092;81,37;3507,9
18-06-2025 08:00;Dia;B;1612,9;1,187;84,44;3600,6
18-06-2025 09:00;Dia;B;1580,3;1,168;85,40;3597,2
18-06-2025 10:00;Dia;B;1619,9;1,334;80,08;3576,1
18-06-2025 11:00;Dia;B;1645,5;1,351;81,25;3556,8
18-06-2025 12:00;Dia;B;1635,7;1,192;82,35;3590,6
18-06-2025 13:00;Dia;B;1616,8;1,119;86,33;3631,5
18-06-2025 14:00;Dia;B;1711,7;1,029;83,72;3612,2
18-06-2025 15:00;Dia;B;1650,7;1,046;84,74;3664,6
18-06-2025 16:00;Dia;B;1622,9;1,043;84,68;3590,0
18-06-2025 17:00;Dia;B;1617,6;1,085;85,73;3609,6
18-06-2025 18:00;Dia;B;1549,7;1,059;84,37;3531,7
18-06-2025 19:00;Dia;B;1548,6;0,930;85,50;3577,1
18-06-2025 20:00;Noche;B;1495,7;0,906;86,57;3522,1
18-06-2025 21:00;Noche;B;1508,4;1,053;83,20;3539,1
18-06-2025 22:00;Noche;B;1505,0;1,118;86,15;3451,1
18-06-2025 23:00;Noche;B;1501,9;1,064;83,39;3544,6
19-06-2025 00:00;Noche;B;1481,7;1,041;82,71;3444,6
19-06-2025 01:00;Noche;B;1505,3;1,032;85,25;3508,4
19-06-2025 02:00;Noche;B;1480,3;1,047;84,75;3525,0
19-06-2025 03:00;Noche;B;1454,9;0,940;84,77;3485,4
19-06-2025 04:00;Noche;B;1462,8;1,071;86,44;3517,8
19-06-2025 05:00;Noche;B;1507,2;1,037;86,44;3536,2
19-06-2025 06:00;Noche;B;1520,6;1,079;84,51;3544,8
19-06-2025 07:00;Noche;B;1548,7;0,914;81,43;3532,8
19-06-2025 08:00;Dia;B;1579,0;1,021;84,34;3620,1
19-06-2025 09:00;Dia;B;1648,2;1,158;86,78;3669,8
19-06-2025 10:00;Dia;B;1748,6;0,975;85,89;3673,9
19-06-2025 11:00;Dia;B;1780,6;1,139;85,93;3681,9
19-06-2025 12:00;Dia;B;1732,9;1,149;87,66;3692,5
19-06-2025 13:00;Dia;B;1671,6;1,062;86,32;3619,4
19-06-2025 14:00;Dia;B;1668,8;0,947;82,33;3648,7
19-06-2025 15:00;Dia;B;1608,9;1,074;84,56;3634,3
19-06-2025 16:00;Dia;B;1631,2;1,073;85,85;3640,0
19-06-2025 17:00;Dia;B;1590,6;1,092;87,25;3641,3
19-06-2025 18:00;Dia;B;1618,2;1,037;84,12;3618,7
19-06-2025 19:00;Dia;B;1652,3;0,966;82,22;3582,5
19-06-2025 20:00;Noche;B;1412,7;1,046;84,00;3437,8
19-06-2025 21:00;Noche;B;1419,2;0,961;82,54;3489,4
19-06-2025 22:00;Noche;B;1382,3;1,049;83,22;3514,1
19-06-2025 23:00;Noche;B;1325,7;0,918;84,55;3396,3
20-06-2025 00:00;Noche;B;1318,9;0,904;84,55;3371,4
20-06-2025 01:00;Noche;B;1333,8;0,865;87,34;3464,3
20-06-2025 02:00;Noche;B;1401,6;1,047;87,03;3452,8
20-06-2025 03:00;Noche;B;1349,8;0,935;88,51;3452,1
20-06-2025 04:00;Noche;B;1423,8;0,922;88,43;3514,3
20-06-2025 05:00;Noche;B;1524,7;1,049;92,35;3505,5
20-06-2025 06:00;Noche;B;1544,9;1,092;89,29;3543,7
20-06-2025 07:00;Noche;B;1561,5;1,259;88,18;3549,9
20-06-2025 08:00;Dia;B;1673,1;1,326;90,33;3661,0
20-06-2025 09:00;Dia;B;1619,4;1,274;87,34;3634,6
20-06-2025 10:00;Dia;B;1651,1;1,248;85,78;3614,9
20-06-2025 11:00;Dia;B;1667,5;1,049;85,30;3664,1
20-06-2025 12:00;Dia;B;1692,2;1,002;85,77;3595,6
20-06-2025 13:00;Dia;B;1784,6;1,010;82,58;3729,2
20-06-2025 14:00;Dia;B;1772,4;1,019;84,16;3720,3
20-06-2025 15:00;Dia;B;1746,0;0,932;83,36;3689,7
20-06-2025 16:00;Dia;B;1769,1;0,910;83,61;3649,4
20-06-2025 17:00;Dia;B;1659,6;0,899;84,13;3627,1
20-06-2025 18:00;Dia;B;1581,7;1,026;84,41;3540,8
20-06-2025 19:00;Dia;B;1552,0;1,048;86,80;3609,8
20-06-2025 20:00;Noche;B;1395,3;1,005;86,59;3447,3
20-06-2025 21:00;Noche;B;1423,0;0,987;85,01;3464,9
20-06-2025 22:00;Noche;B;1401,1;1,020;84,79;3452,9
20-06-2025 23:00;Noche;B;1472,2;0,971;86,20;3519,1
21-06-2025 00:00;Noche;B;1518,5;0,981;86,69;3530,8
21-06-2025 01:00;Noche;B;1525,1;0,887;87,37;3551,7
21-06-2025 02:00;Noche;B;1485,5;1,014;85,94;3475,9
21-06-2025 03:00;Noche;B;1502,5;1,111;85,81;3561,1
21-06-2025 04:00;Noche;B;1528,3;1,127;89,44;3522,5
21-06-2025 05:00;Noche;B;1473,5;1,149;87,47;3536,1
21-06-2025 06:00;Noche;B;1496,1;1,157;89,93;3534,6
21-06-2025 07:00;Noche;B;1531,7;1,283;90,49;3589,7
21-06-2025 08:00;Dia;B;1660,3;1,222;87,43;3631,3
21-06-2025 09:00;Dia;B;1725,2;1,078;83,02;3624,0
21-06-2025 10:00;Dia;B;1759,0;1,015;84,85;3658,4
21-06-2025 11:00;Dia;B;1697,7;1,103;83,97;3654,6
21-06-2025 12:00;Dia;B;1689,3;1,172;83,59;3707,4
21-06-2025 13:00;Dia;B;1639,4;1,182;81,07;3611,6
21-06-2025 14:00;Dia;B;1657,4;1,187;85,63;3638,5
21-06-2025 15:00;Dia;B;1605,5;1,136;85,77;3647,2
21-06-2025 16:00;Dia;B;1636,9;0,982;84,91;3599,3
21-06-2025 17:00;Dia;B;1633,2;0,948;85,45;3625,2
21-06-2025 18:00;Dia;B;1650,7;0,847;84,90;3632,1
21-06-2025 19:00;Dia;B;1613,4;0,891;84,80;3574,3
21-06-2025 20:00;Noche;B;1407,7;0,845;85,09;3473,6
21-06-2025 21:00;Noche;B;1477,4;0,925;84,16;3543,4
21-06-2025 22:00;Noche;B;1448,0;0,952;78,60;3523,4
21-06-2025 23:00;Noche;B;1492,1;0,844;81,36;3500,1
22-06-2025 00:00;Noche;B;1417,7;0,982;83,53;3569,5
22-06-2025 01:00;Noche;B;1427,9;1,066;83,97;3484,7
22-06-2025 02:00;Noche;B;1488,2;0,964;86,59;3501,0
22-06-2025 03:00;Noche;B;1475,4;1,024;82,68;3479,1
22-06-2025 04:00;Noche;B;1515,2;1,105;77,52;3496,9
22-06-2025 05:00;Noche;B;1428,7;1,081;83,20;3510,4
22-06-2025 06:00;Noche;B;1466,9;1,154;84,97;3405,1
22-06-2025 07:00;Noche;B;1452,5;1,149;81,54;3496,7
22-06-2025 08:00;Dia;B;1568,7;1,210;82,53;3528,1
22-06-2025 09:00;Dia;B;1573,4;1,179;84,96;3576,4
22-06-2025 10:00;Dia;B;1591,2;1,134;82,51;3594,3
22-06-2025 11:00;Dia;B;1658,6;1,154;85,08;3591,8
22-06-2025 12:00;Dia;B;1559,4;1,179;90,02;3542,2
22-06-2025 13:00;Dia;B;1561,5;1,148;91,21;3623,5
22-06-2025 14:00;Dia;B;1527,0;1,075;88,64;3536,0
22-06-2025 15:00;Dia;B;1575,6;1,004;87,65;3583,7
22-06-2025 16:00;Dia;B;1540,4;0,988;84,52;3548,4
22-06-2025 17:00;Dia;B;1546,3;0,961;84,73;3590,0
22-06-2025 18:00;Dia;B;1510,5;0,998;84,13;3578,6
22-06-2025 19:00;Dia;B;1524,9;1,013;82,25;3573,6
22-06-2025 20:00;Noche;B;1427,7;1,003;80,19;3497,4
22-06-2025 21:00;Noche;B;1384,0;1,004;85,73;3468,2
22-06-2025 22:00;Noche;B;1369,8;1,020;85,22;3395,1
22-06-2025 23:00;Noche;B;1298,5;1,133;83,16;3438,7
23-06-2025 00:00;Noche;B;1389,7;1,175;82,95;3428,2
23-06-2025 01:00;Noche;B;1432,1;1,075;86,04;3443,1
23-06-2025 02:00;Noche;B;1408,6;1,099;88,66;3448,1
23-06-2025 03:00;Noche;B;1466,1;1,064;85,30;3470,7
23-06-2025 04:00;Noche;B;1379,8;1,067;85,17;3462,7
23-06-2025 05:00;Noche;B;1329,2;1,063;86,56;3445,3
23-06-2025 06:00;Noche;B;1315,0;1,037;84,76;3459,5
23-06-2025 07:00;Noche;B;1345,8;0,972;81,74;3432,7
23-06-2025 08:00;Dia;B;1512,7;0,857;79,98;3521,1
23-06-2025 09:00;Dia;B;1545,1;0,985;82,26;3555,1
23-06-2025 10:00;Dia;B;1570,2;1,124;82,45;3540,6
23-06-2025 11:00;Dia;B;1621,1;1,045;80,56;3589,0
23-06-2025 12:00;Dia;B;1606,9;1,099;82,30;3678,1
23-06-2025 13:00;Dia;B;1559,7;1,058;85,36;3549,6
23-06-2025 14:00;Dia;B;1521,0;1,077;86,95;3535,6
23-06-2025 15:00;Dia;B;1628,3;1,003;85,46;3639,0
23-06-2025 16:00;Dia;B;1516,5;0,998;89,22;3553,9
23-06-2025 17:00;Dia;B;1519,3;0,998;85,82;3570,9
23-06-2025 18:00;Dia;B;1585,7;0,831;84,17;3550,7
23-06-2025 19:00;Dia;B;1591,0;0,925;81,56;3543,8
23-06-2025 20:00;Noche;B;1417,3;0,950;84,19;3518,3
23-06-2025 21:00;Noche;B;1410,5;0,795;82,77;3440,4
23-06-2025 22:00;Noche;B;1441,4;0,939;80,02;3478,3
23-06-2025 23:00;Noche;B;1480,1;0,973;79,76;3512,2
24-06-2025 00:00;Noche;B;1422,9;1,014;85,13;3402,8
24-06-2025 01:00;Noche;B;1452,9;1,054;86,19;3480,9
24-06-2025 02:00;Noche;B;1458,2;1,026;85,24;3469,0
24-06-2025 03:00;Noche;B;1502,6;0,969;86,01;3540,3
24-06-2025 04:00;Noche;B;1552,7;0,989;81,72;3544,1
24-06-2025 05:00;Noche;B;1522,2;1,006;80,84;3459,0
24-06-2025 06:00;Noche;B;1457,2;1,211;80,52;3530,1
24-06-2025 07:00;Noche;B;1489,4;1,299;81,24;3433,9
24-06-2025 08:00;Dia;B;1694,2;1,179;81,66;3640,3
24-06-2025 09:00;Dia;B;1713,4;1,117;83,96;3644,6
24-06-2025 10:00;Dia;B;1708,9;1,134;86,75;3646,6
24-06-2025 11:00;Dia;B;1795,6;1,157;88,50;3723,0
24-06-2025 12:00;Dia;B;1713,9;1,073;92,57;3707,1
24-06-2025 13:00;Dia;B;1730,9;0,998;88,28;3652,2
24-06-2025 14:00;Dia;B;1677,7;1,164;87,95;3627,3
24-06-2025 15:00;Dia;B;1659,3;1,185;88,36;3662,2
24-06-2025 16:00;Dia;B;1642,3;1,001;84,60;3640,8
24-06-2025 17:00;Dia;B;1684,6;0,880;83,34;3671,7
24-06-2025 18:00;Dia;B;1609,2;0,877;84,38;3608,1
24-06-2025 19:00;Dia;B;1565,9;0,950;82,66;3557,6
24-06-2025 20:00;Noche;B;1366,4;1,013;84,48;3422,2
24-06-2025 21:00;Noche;B;1392,7;0,984;86,65;3436,6
24-06-2025 22:00;Noche;B;1372,5;0,878;82,45;3471,4
24-06-2025 23:00;Noche;B;1395,4;0,957;78,29;3505,5
25-06-2025 00:00;Noche;B;1352,1;1,034;80,84;3495,5
25-06-2025 01:00;Noche;B;1352,8;1,038;79,75;3388,6
25-06-2025 02:00;Noche;B;1416,2;1,010;81,45;3457,7
25-06-2025 03:00;Noche;B;1417,4;1,080;81,70;3469,0
25-06-2025 04:00;Noche;B;1456,7;1,077;83,20;3489,8
25-06-2025 05:00;Noche;B;1486,8;1,004;85,46;3477,0
25-06-2025 06:00;Noche;B;1476,7;1,055;86,81;3592,0
25-06-2025 07:00;Noche;B;1421,9;0,985;84,65;3537,2
25-06-2025 08:00;Dia;B;1610,4;1,111;82,76;3597,1
25-06-2025 09:00;Dia;B;1628,9;1,144;78,72;3600,8
25-06-2025 10:00;Dia;B;1677,2;1,052;76,36;3648,5
25-06-2025 11:00;Dia;B;1586,5;1,086;78,41;3550,6
25-06-2025 12:00;Dia;B;1531,2;1,175;81,96;3547,8
25-06-2025 13:00;Dia;B;1466,0;0,970;80,96;3546,8
25-06-2025 14:00;Dia;B;1466,2;0,997;81,42;3577,2
25-06-2025 15:00;Dia;B;1542,3;1,136;80,32;3595,1
25-06-2025 16:00;Dia;B;1574,5;0,974;78,02;3627,2
25-06-2025 17:00;Dia;B;1568,8;0,980;77,04;3536,6
25-06-2025 18:00;Dia;B;1567,2;0,888;80,69;3454,3
25-06-2025 19:00;Dia;B;1588,8;0,934;77,96;3629,9
25-06-2025 20:00;Noche;B;1437,8;0,789;80,73;3490,6
25-06-2025 21:00;Noche;B;1442,4;0,767;79,38;3481,5
25-06-2025 22:00;Noche;B;1435,0;0,836;81,99;3537,8
25-06-2025 23:00;Noche;B;1332,7;0,928;83,15;3378,8
26-06-2025 00:00;Noche;B;1334,0;1,001;84,97;3379,4
26-06-2025 01:00;Noche;B;1411,4;1,051;86,97;3435,4
26-06-2025 02:00;Noche;B;1399,9;1,138;84,39;3514,1
26-06-2025 03:00;Noche;B;1406,4;1,159;82,27;3496,1
26-06-2025 04:00;Noche;B;1396,7;1,179;82,20;3394,6
26-06-2025 05:00;Noche;B;1399,3;1,069;80,79;3522,6
26-06-2025 06:00;Noche;B;1473,1;1,073;83,41;3512,5
26-06-2025 07:00;Noche;B;1473,5;1,322;84,94;3530,7
26-06-2025 08:00;Dia;B;1564,8;1,392;85,72;3547,0
26-06-2025 09:00;Dia;B;1456,9;1,325;86,47;3577,9
26-06-2025 10:00;Dia;B;1482,8;1,278;85,11;3544,1
26-06-2025 11:00;Dia;B;1442,6;1,267;87,74;3552,0
26-06-2025 12:00;Dia;B;1416,3;1,154;82,59;3452,8
26-06-2025 13:00;Dia;B;1503,2;1,259;84,89;3567,3
26-06-2025 14:00;Dia;B;1560,7;1,139;85,73;3579,9
26-06-2025 15:00;Dia;B;1488,9;1,088;83,69;3522,1
26-06-2025 16:00;Dia;B;1546,5;1,220;83,55;3534,2
26-06-2025 17:00;Dia;B;1568,5;0,975;84,79;3549,0
26-06-2025 18:00;Dia;B;1528,5;1,016;84,03;3504,2
26-06-2025 19:00;Dia;B;1558,7;0,883;79,19;3538,0
26-06-2025 20:00;Noche;B;1359,6;0,888;77,89;3434,7
26-06-2025 21:00;Noche;B;1316,6;0,933;82,19;3427,4
26-06-2025 22:00;Noche;B;1274,3;0,941;80,63;3322,0
26-06-2025 23:00;Noche;B;1257,3;0,988;84,46;3329,2
27-06-2025 00:00;Noche;B;1330,5;0,950;86,41;3389,4
27-06-2025 01:00;Noche;B;1295,7;0,984;84,63;3331,3
27-06-2025 02:00;Noche;B;1281,4;0,929;84,65;3372,3
27-06-2025 03:00;Noche;B;1283,7;0,965;82,24;3376,4
27-06-2025 04:00;Noche;B;1338,4;0,916;81,29;3415,5
27-06-2025 05:00;Noche;B;1361,6;1,045;81,12;3454,5
27-06-2025 06:00;Noche;B;1433,9;0,975;82,91;3521,6
27-06-2025 07:00;Noche;B;1425,5;1,086;81,07;3514,4
27-06-2025 08:00;Dia;B;1517,5;1,066;81,95;3555,5
27-06-2025 09:00;Dia;B;1531,0;1,062;82,99;3577,6
27-06-2025 10:00;Dia;B;1563,9;1,167;85,32;3549,9
27-06-2025 11:00;Dia;B;1546,8;1,141;80,74;3535,2
27-06-2025 12:00;Dia;B;1582,5;0,974;77,82;3615,1
27-06-2025 13:00;Dia;B;1670,6;1,053;79,07;3666,3
27-06-2025 14:00;Dia;B;1631,8;0,839;79,63;3699,9
27-06-2025 15:00;Dia;B;1624,3;0,949;82,13;3606,0
27-06-2025 16:00;Dia;B;1668,7;0,954;83,33;3603,5
27-06-2025 17:00;Dia;B;1613,2;0,878;87,32;3612,4
27-06-2025 18:00;Dia;B;1559,0;0,942;87,45;3548,9
27-06-2025 19:00;Dia;B;1504,3;0,946;87,09;3495,9
27-06-2025 20:00;Noche;B;1403,3;1,119;85,55;3511,9
27-06-2025 21:00;Noche;B;1421,0;1,034;86,06;3540,7
27-06-2025 22:00;Noche;B;1406,2;1,167;87,19;3473,4
27-06-2025 23:00;Noche;B;1404,1;1,202;87,50;3433,9
28-06-2025 00:00;Noche;B;1456,5;1,079;85,11;3498,9
28-06-2025 01:00;Noche;B;1481,9;1,002;85,18;3503,9
28-06-2025 02:00;Noche;B;1409,8;1,125;88,11;3412,0
28-06-2025 03:00;Noche;B;1418,7;1,090;84,39;3499,9
28-06-2025 04:00;Noche;B;1435,0;1,099;79,54;3494,8
28-06-2025 05:00;Noche;B;1477,7;1,078;82,75;3557,1
28-06-2025 06:00;Noche;B;1474,3;1,000;84,18;3492,7
28-06-2025 07:00;Noche;B;1457,6;1,021;83,52;3504,9
28-06-2025 08:00;Dia;B;1575,5;0,989;82,51;3577,3
28-06-2025 09:00;Dia;B;1519,9;0,929;88,42;3487,1
28-06-2025 10:00;Dia;B;1551,9;0,984;85,89;3662,1
28-06-2025 11:00;Dia;B;1550,9;1,166;83,74;3496,2
28-06-2025 12:00;Dia;B;1592,5;1,248;83,89;3556,6
28-06-2025 13:00;Dia;B;1557,7;1,162;85,24;3563,2
28-06-2025 14:00;Dia;B;1552,2;1,123;83,81;3514,9
28-06-2025 15:00;Dia;B;1520,7;1,123;83,54;3565,3
28-06-2025 16:00;Dia;B;1488,5;1,181;85,12;3510,8
28-06-2025 17:00;Dia;B;1533,8;1,130;83,96;3555,5
28-06-2025 18:00;Dia;B;1514,5;1,039;83,98;3546,3
28-06-2025 19:00;Dia;B;1534,6;0,993;83,61;3549,9
28-06-2025 20:00;Noche;B;1361,4;1,081;81,85;3440,5
28-06-2025 21:00;Noche;B;1371,1;1,240;83,71;3435,1
28-06-2025 22:00;Noche;B;1303,2;1,089;80,69;3412,0
28-06-2025 23:00;Noche;B;1304,1;0,904;82,61;3425,2
29-06-2025 00:00;Noche;B;1236,0;1,021;81,18;3344,0
29-06-2025 01:00;Noche;B;1286,2;1,025;81,35;3368,7
29-06-2025 02:00;Noche;B;1311,1;1,050;78,28;3387,0
29-06-2025 03:00;Noche;B;1319,4;1,151;79,85;3419,7
29-06-2025 04:00;Noche;B;1372,9;1,126;78,64;3430,9
29-06-2025 05:00;Noche;B;1390,6;1,013;83,11;3444,3
29-06-2025 06:00;Noche;B;1422,7;0,907;82,27;3426,5
29-06-2025 07:00;Noche;B;1460,0;0,994;84,10;3577,5
29-06-2025 08:00;Dia;B;1575,5;0,960;80,04;3537,2
29-06-2025 09:00;Dia;B;1564,0;1,048;79,41;3638,4
29-06-2025 10:00;Dia;B;1581,7;0,977;80,60;3619,2
29-06-2025 11:00;Dia;B;1562,6;1,002;79,32;3616,9
29-06-2025 12:00;Dia;B;1579,8;0,928;83,26;3600,3
29-06-2025 13:00;Dia;B;1619,6;0,964;82,92;3633,0
29-06-2025 14:00;Dia;B;1634,7;0,971;83,79;3633,9
29-06-2025 15:00;Dia;B;1589,6;1,046;85,03;3615,0
29-06-2025 16:00;Dia;B;1513,0;1,138;85,07;3574,1
29-06-2025 17:00;Dia;B;1502,4;1,069;86,21;3589,5
29-06-2025 18:00;Dia;B;1487,2;0,977;83,49;3485,5
29-06-2025 19:00;Dia;B;1523,9;1,134;85,21;3559,1
29-06-2025 20:00;Noche;B;1366,4;1,101;87,12;3499,6
29-06-2025 21:00;Noche;B;1344,1;1,103;86,24;3475,3
29-06-2025 22:00;Noche;B;1366,8;1,106;85,47;3399,3
29-06-2025 23:00;Noche;B;1334,0;1,175;84,39;3426,6
30-06-2025 00:00;Noche;B;1395,0;1,185;84,30;3462,8
30-06-2025 01:00;Noche;B;1470,1;1,172;85,39;3508,7
30-06-2025 02:00;Noche;B;1521,0;1,178;84,21;3450,2
30-06-2025 03:00;Noche;B;1527,8;1,066;79,85;3570,2
30-06-2025 04:00;Noche;B;1522,6;1,028;81,29;3479,1
30-06-2025 05:00;Noche;B;1471,5;1,051;81,83;3589,1
30-06-2025 06:00;Noche;B;1501,5;1,081;83,63;3554,9
30-06-2025 07:00;Noche;B;1506,6;1,095;83,87;3533,6
30-06-2025 08:00;Dia;B;1639,8;1,125;87,42;3645,9
30-06-2025 09:00;Dia;B;1620,2;1,119;83,75;3618,3
30-06-2025 10:00;Dia;B;1626,9;1,079;81,89;3599,7
30-06-2025 11:00;Dia;B;1623,6;0,964;83,65;3615,0
30-06-2025 12:00;Dia;B;1639,9;1,079;82,39;3641,6
30-06-2025 13:00;Dia;B;1695,5;1,118;84,28;3633,5
30-06-2025 14:00;Dia;B;1688,3;1,024;84,00;3683,5
30-06-2025 15:00;Dia;B;1593,7;1,068;80,39;3637,7
30-06-2025 16:00;Dia;B;1546,7;1,079;83,53;3604,6
30-06-2025 17:00;Dia;B;1481,0;1,056;86,63;3564,9
30-06-2025 18:00;Dia;B;1460,6;0,897;85,12;3553,6
30-06-2025 19:00;Dia;B;1498,4;0,854;81,13;3552,2
30-06-2025 20:00;Noche;B;1397,6;0,875;83,44;3508,9
30-06-2025 21:00;Noche;B;1368,6;1,054;81,95;3442,8
30-06-2025 22:00;Noche;B;1382,9;0,970;81,73;3462,5
30-06-2025 23:00;Noche;B;1351,8;0,966;82,91;3479,1
